event.201411175ab446dd1f2bf2d982ad824585d0c94e.txt,event.2016122323b8bb0dd10ec705d90f58945aa114a5.txt,1
event.201608291cb056080ca2530d661f8f9b33bc364c.txt,event.201609292760cb7a8041d14480693ce76d2965af.txt,1
event.201603166e4f6c973c8f5c1d0dd5268e47cf2f99.txt,event.201612296d1edf9d030d284153b2f43b3e02a9fd.txt,1
event.2016011314c1b22fb77ecfdc7282b6a5ff85ad02.txt,event.20161221739103b99bd7e90c7e10a013b4691a53.txt,1
event.20161217a75e58075a740469aeea8ca8104c4b83.txt,event.20161009f3927840ed61034f212f3b5e7fcf1ff1.txt,1
event.20161113c03b8a692b99313f1598bfa722d679b6.txt,event.20160810f96a1cc59152e564fdb105535ad5f0c2.txt,1
event.20160708492390c4270de271295cf99ebfe44f24.txt,event.201612268b42b5f6eaf0ede2146002db7e686944.txt,1
event.20161225d241da5b8e53fe04b3f40055356fcfbd.txt,event.2016121687f5bda2ab5fa8c1df1b91b49ed21ca4.txt,1
event.201610221661f708117c4411dfd9f633a43b3f65.txt,event.20160713b2c71b943637712b33e6d379eba9ac71.txt,1
event.20150321898f4b61566e78ac9ca78214ad1c1042.txt,event.20161226c98fdd1eee1f29e89919eaa1e3ee4d70.txt,1
event.20160818a51fad3d2d4cbe428a67bf43e053dfbf.txt,event.201608180c4c95e78777ee1d183cb4a82ee9e11c.txt,1
event.201612256539251294e63cceb35d681f1848195a.txt,event.20160108d579feb96e271640255043ddbdb699b2.txt,1
event.20161205c28c3e3d4ba51fed3bc66ad8c756afb5.txt,event.20161028cf368a0b4352a0c28469462564a8a8c2.txt,1
event.201609224b89528b65afc0729a1813235ed52fa6.txt,event.201509306c29ba90e53b81479854cb929d38a1f0.txt,1
event.20161128986d407b8ebe469a960609816e8f2053.txt,event.20161229ec31e7523adf07c02e9cad906de32d8f.txt,1
event.201610213716e0546d32cd3756d5207dbd69fb5b.txt,event.20160828556290a594b791164f11e0277c1e039f.txt,1
event.201605272e8b086c713050db85aa27219b2084b8.txt,event.201605311b7e63665cdf52c9583f69adad0f1206.txt,1
event.201606102b3a4380b2f2a463a2eabba68c0c6d2b.txt,event.20160610a69e12f06b292ea8ec8b12d03a8cad17.txt,1
event.2016092273dbb41cc30bc26f272e4ddb78594985.txt,event.2016052822421f6a7d1579fa2754d30ccc0c91ab.txt,1
event.20161227fdeeb33e3a7d1294f60b567c72686001.txt,event.2016121973af4edc275d479cf6fc918aa9a618be.txt,1
event.2016091569084923477338e79f723ecc03ff2872.txt,event.201602247e4a20536f656991a594f0f2accec940.txt,1
event.2016052688646ef340e28b6c6e5c0fa6871830b9.txt,event.201611013eff8398cc0c09828d85e7a8ebdfe776.txt,1
event.201611286d5dc20067e9d4ca7e538cd4a616c252.txt,event.201603254813894590a884e30f836b37bea5e563.txt,1
event.201607256bbb87b745ada5e473735555aa8cf51c.txt,event.201607246e04cfa83e43c2c6256efaa8c979d27b.txt,1
event.201612194c02bd246da7ce29460594ea00134db9.txt,event.201611079b3ea448c8db66b2706200d1670e0556.txt,1
event.2016021576b95205c7b5f48de0174eb5cba1e239.txt,event.201612282ec6052100a02e6bd7e0c70915032784.txt,1
event.201604053835a184a418ad2b2a96ae16a2eac62d.txt,event.201611099cb8a274320d91a8cec7a26f38dbd324.txt,1
event.201612210600ccf3f9c681b09128462d7d361bba.txt,event.20161220b791e2bc6c2a6d193aa891a34a8b192c.txt,1
event.201612189f47cdcc060501e15354a9d5ac0441f1.txt,event.20161218b1cf1aab23383fec36756437b492d6d8.txt,1
event.20161018930c642e50a9af29da48a3b7a3d37ee6.txt,event.20160505d3f9f4bf0dc365d7cdf461d03ad3b565.txt,1
event.201605183cd5f636373d594ff9740103edda1d50.txt,event.20160802c44ec00875c1a4208336dddfe8d6df03.txt,1
event.20160419a344458501d069e9ea57c91992ddd6a1.txt,event.20161028df5f0b55da9afe3cddede75fd2ca71e9.txt,1
event.20161226c1c72abb046a9464830efac6a55163de.txt,event.2016122644afe902fa0f1ec93dc01ccbc5ff20d0.txt,1
event.2016121627041fee234cf636770485a78791cf62.txt,event.20161219f7b88cf4b4ff4b963c1579c9db6e0f84.txt,1
event.2016122186d753c61aed4793b74f12fad7d76747.txt,event.20160218d628acfdadc471cbf7cd0cae5eab493c.txt,1
event.2016121219acaf548aed47ea8cd179333876eb92.txt,event.201606258defcc1513c76c51e0fd80be020a3e33.txt,1
event.2016031069225671dbfbbafb23f81638a5a891bf.txt,event.20161015686571ab300c4eb23aa08136f8b747e0.txt,1
event.20160410740554866d9a66e067280d4e45f39c49.txt,event.201604189b054c4efbcd767dd3a137623ee7fded.txt,1
event.2016121566cc70377201b5dadb471cd04bd6549a.txt,event.201612229a705bc8ed8c5a08cf34b080d86b3044.txt,1
event.2016122380e0d4f8d81f1d4152bccd3a68584467.txt,event.201612123e2521020646cc1a8226b8714754d74b.txt,1
event.201612289561d573a8931e53a0def22ea8f99b4c.txt,event.2016123063a0d25c122e7b43e25cc36a4d281d9b.txt,1
event.2016022930f25c5731db7ed86b915f542094552f.txt,event.2016031638174d5522d90eb115068f91f7cdb99a.txt,1
event.201609269c8a1e3921d0017e8d65dbda7414823c.txt,event.201608089abc02681c5adf9140c485abb8717c7d.txt,1
event.2016121458c1c0b675232d9458f0ca5a96b9e831.txt,event.201609292760cb7a8041d14480693ce76d2965af.txt,1
event.20161213d1a7122b8df54a8c049ad8f721abed46.txt,event.2016121311d4a57d1d69824f9a604f1670b99c40.txt,1
event.20161007fbfc04d8d47371f11535b35770dd0fa4.txt,event.20161102c3feac7427d2d2952457111f65266fab.txt,1
event.2016121481f5a957f2c44489fa7f46dc0f15eab1.txt,event.2016032191638aff25a9e3fc6e6dbed3a18ba073.txt,1
event.2016102590948bfd66cd977d08589879a329206c.txt,event.2015072521b9351bab0c50bbc7e4c2d56e9b700e.txt,1
event.20160803a5872dcb92da2ba1b04a2e9bcb220c3c.txt,event.201612127937a1c072e65fe421511ec2e8f88275.txt,1
event.20161117263a2bbfdecd7322fd5474151ee3057a.txt,event.20161218d56e2055c3c9fe3fc69222480904730e.txt,1
event.2016060932e0a79715580037b389377f16cec6c2.txt,event.201610308dcac5d3700da3bfe680022775468af1.txt,1
event.201611202fec0d1e0e7fca73e6f0e4d0784c3534.txt,event.20161121299f3164ea497b99875d69f8126fd730.txt,1
event.201508287dcc97d30211d7ce9cf76954ecfd4165.txt,event.201605024e7064b45e7d727ceffd72db8017c145.txt,1
event.201612206800d3ed051a00b0300f5258891f702f.txt,event.20161217718755fa14c663dd51f3140aa89454ae.txt,1
event.201611297e0295191fc0138f8f27ba488c1bc7f6.txt,event.20160903b9c4f6611fa49ae5539516f81604cfc2.txt,1
event.2016080325f812a270a0cb01ffad1108fd4b651a.txt,event.20160729bb296c1f2893707f5b81a51d4b8ee330.txt,1
event.2016122094d8524ef1fe2019491ed66be58dbc90.txt,event.20161227a196b0d2b8e99fc5f560b74376b26b47.txt,1
event.20161218930554da700e3a6f9b83e0073ee7a646.txt,event.20130221574f3fbfc6d2ea8d387de0d87f6f1fae.txt,1
event.2016072593f617fe930647439b422b0dd04a6a16.txt,event.20160411ae50c3504c1038d136c1c8f61f125551.txt,1
event.2016121715c0ccfa67742bc2b89f3fe7c2479079.txt,event.201612191a37c9f4316070611dcd54a43b18f6eb.txt,1
event.20161207c2e67dac349164a08166b63824668b24.txt,event.201612192d21b78a90b2baaaa7623836a99b2647.txt,1
event.201610209210c2b97d7c4920cbffd803a88bc95a.txt,event.20160717d15cb501de4e65cdce644903f5362a8d.txt,1
event.2016121939b56f56dd0eba73e44ec2c04d4e9bbf.txt,event.20160920179ec4fb9a5630dbdfc5831573381edb.txt,1
event.2016122281935d43d94f1eac889c3b13a6c66a4f.txt,event.20161221739103b99bd7e90c7e10a013b4691a53.txt,1
event.2016110529397d29137962232a9ef09c6dcfee88.txt,event.2016122998c8f5ab9d0dbacce2aecac63411a149.txt,1
event.201612306742ce6b8f6d94fc9957c374197aa882.txt,event.201608181799e4ac0b7c7d467f7bb35b5abd830f.txt,1
event.2016090331b22279b21c6b00e89b46f9b4293645.txt,event.201605025f0cee05978e133d804448618fab7878.txt,1
event.201607314ee15316911409c28c441d894d08543b.txt,event.2016090436c87a78dd00df2dab15fb9b395c1d2b.txt,1
event.20160903a1ec9c6e08f7ff2ed426d0d769ee17e9.txt,event.201605025f0cee05978e133d804448618fab7878.txt,1
event.2016112487355c3111dc0e1405d286c17de51066.txt,event.201612289e885d05d23f6aebcfb352139e75ea32.txt,1
event.20161221accd508cfa0819da63aabb12d42d796e.txt,event.20160924bac559a272da5a806b36d7fbe26e50ac.txt,1
event.20160914e7e9646d85f358487b20266077e48747.txt,event.201607103ae76d62ddf87cf9bbd5086b4ac19162.txt,1
event.20161211d83e10a22f1610da2ffe42a998a5e791.txt,event.201608227152111c2231c6e2d5c5216ef7fb381d.txt,1
event.20161008ab74a68d9a2db264d070d905b1f9e8c7.txt,event.2016060932e0a79715580037b389377f16cec6c2.txt,1
event.20161010b3f6a57de8086f9fc99c7614e24b1101.txt,event.2016061446191a8fc5894509db69298289321d7f.txt,1
event.20161204b06aaa7e6d0c81515586cc6db8f6ff78.txt,event.20161204c454f60695206e80a3c5afbd43fefc47.txt,1
event.20160610a28fc365f9adac0190df77ede8a0822f.txt,event.20161128986d407b8ebe469a960609816e8f2053.txt,1
event.2016122323b8bb0dd10ec705d90f58945aa114a5.txt,event.201612290063c3d1f2448891f7c498d4245f8dfc.txt,1
event.20161214331bc43591186e4ec4c8c82ffdf4cb5c.txt,event.20161219f7b88cf4b4ff4b963c1579c9db6e0f84.txt,1
event.20161226668b4e7044b09113d79aff6e8e57482f.txt,event.20161218ba002c3756dd858bf4644cc323e0bae4.txt,1
event.20161206d2de39a4d74700dd9db49b39aa8f65de.txt,event.20161222581bc23337b186ae3263d2af9782b8ce.txt,1
event.20160711ca5a1521d71d0f5785d35bc3796d6e8f.txt,event.2016111685de3e326a2209a8e6f70f9ee16c8918.txt,1
event.20161229ccb449c8ec0b33df987a7648449318a8.txt,event.201610037d5ca63b1732e3637ba78ce22903f5ca.txt,1
event.20161219f9b7fbe98e4edbf6b34ddff9fb39a5a1.txt,event.201612194ff5ac61c35083532f362a973fc4c3d0.txt,1
event.20160924358b14074a59178efa7f2214dfe116f8.txt,event.20161221accd508cfa0819da63aabb12d42d796e.txt,1
event.20161003732c2f33daad7fcf451932270c1134b1.txt,event.201612288b66e15e01e54169758f2382b307e449.txt,1
event.20150324d30d9e9c85e4e4246fe78788d0ca8d25.txt,event.201603277983c1b554086073b9110b1ecc8f480e.txt,1
event.20161218d56e2055c3c9fe3fc69222480904730e.txt,event.20161117263a2bbfdecd7322fd5474151ee3057a.txt,1
event.201612274f8d5934a0454f002f8ba4cb0d961a51.txt,event.20151123aad8427f68cb3a4e031a7c7ea4d7888f.txt,1
event.20161024725dfad246f97f2731586c0cec41b653.txt,event.20160323c7301f064332c80754a2cb847e7d67f2.txt,1
event.20160426657797b373c53f76e555debe47218707.txt,event.2016101625bac16ce77d89914ab6becb86b510ba.txt,1
event.20160321d37ecb89de6de3aa2e13ccaab85122e6.txt,event.20161227a4863a1120f54a0fb872022a098ba7f5.txt,1
event.20160612f9f2a1f9e64faa5f376e5ed99ee35f92.txt,event.20161226c5ac014350d5bcae6f9dbd167384bb3f.txt,1
event.20161226d1aa6f4b2449df0265f910355669168c.txt,event.201612120ffa59afb0031f60fabf812292c98835.txt,1
event.2016100541af1b7738acdf22b8885f90d7ab598e.txt,event.201607103ae76d62ddf87cf9bbd5086b4ac19162.txt,1
event.201612273b078e9dbdfc3c0f885234f43ceb2ffe.txt,event.20160906b5d4e0e09d12a52e7ccf8ea756d49fa3.txt,1
event.2016110882e06bd79fcb6e3ae00d6b4cbc2076ff.txt,event.20160421d6d683fae505e42d19bd791c6bd97ba9.txt,1
event.20161214c5b2f6cc720587abf11fc2c28d6e1617.txt,event.2016032191638aff25a9e3fc6e6dbed3a18ba073.txt,1
event.201612290063c3d1f2448891f7c498d4245f8dfc.txt,event.20161221739103b99bd7e90c7e10a013b4691a53.txt,1
event.201612141071a2f535ca4e87306c698a8c9ac440.txt,event.201611154ec24b786d1abc08924d86b5e6a8c80a.txt,1
event.201612017daed7b933c8426c36f38f1b282177f9.txt,event.20161201094351a5c38e79515d9b46c4e0330edf.txt,1
event.2016122521b6f54a16ce9243dbd93155ca3fa268.txt,event.20151116775ed32ccc91af43c103e110c1cf07ee.txt,1
event.20161205db34906075cbfaebbbab14a95a5916c0.txt,event.201608260e4fabc25d7a19d88c1a83285b2df946.txt,1
event.20160624eaf33af9a588feced55f58a10aae7b29.txt,event.20160624603b73e17d8f2b3f0492aa3814e58d78.txt,1
event.20160610307aed12c12739bfbd7eb2bd77281f6c.txt,event.2016122323b8bb0dd10ec705d90f58945aa114a5.txt,1
event.20161226de6a153dcd9ce1c816dc2181935b79a4.txt,event.201612196ea37d8b2d2ad6496ad59c8cb4328c61.txt,1
event.201612123e2521020646cc1a8226b8714754d74b.txt,event.20161222d8762b217b4ca95e0a76009719160ac2.txt,1
event.20161230bfbdac3de595491f6514d0256f1c4473.txt,event.20161122bb5e4a2caec0d2bad0a862802e866ba5.txt,1
event.201612050ea2163fb0083fa1282b914e87772451.txt,event.2016060254eb5aa416326a327e3010adda259e54.txt,1
event.201610035a23b85ba765b0159283a858bbc56939.txt,event.201612082c744c609bcc7a5072458f0624546a08.txt,1
event.20160405812d54c48d5ebb6e1bc6b151f3a32e9e.txt,event.201604053835a184a418ad2b2a96ae16a2eac62d.txt,1
event.20160920179ec4fb9a5630dbdfc5831573381edb.txt,event.20161228b661d24454df3dd954b734aa7d13d7ea.txt,1
event.20161125eb63478d56bad0d59f9fb021d7a579c5.txt,event.20161230b324dcee9cc977f1eee2d560179992ca.txt,1
event.20160322d4e53a7d88c161afd7150d174cd4e650.txt,event.20161211a2c20c4cb2cdbaf923d09a1a40ff61ef.txt,1
event.20161218ac912ac946603115c0e7b51a1e8a8a2c.txt,event.20161220971e802ca71b27bf883394bfba0b4466.txt,1
event.20151029f84a993c6ca7343d7a08f6333213620c.txt,event.2016121687f5bda2ab5fa8c1df1b91b49ed21ca4.txt,1
event.201612276b8b6331955fa765d15f5320b9370c47.txt,event.20160217e3297325827dd921cac3b51a9e7f3bd6.txt,1
event.20161219c1f3bf319a17910f9456bdb8eaa80fc7.txt,event.2016051530f623eebcea1303d602cc7253984502.txt,1
event.2016121973af4edc275d479cf6fc918aa9a618be.txt,event.2016121940f62924f0edd6bc410d750b9c1cc449.txt,1
event.20161214a8f1651efb96e5cd1a2fd07452f21a2d.txt,event.20160426fdada2c662964b8e0298a6a70d059064.txt,1
event.201609254fe2426fc78f24f816f40939b447e1d3.txt,event.201609253e70e6c7b60c90d0ef0fc57cf000c34a.txt,1
event.201608180c4c95e78777ee1d183cb4a82ee9e11c.txt,event.20160818222a9090ad0fe3f5e5ba81985fa12623.txt,1
event.20161223d2e006a599c01b9c68ee075924659fdb.txt,event.20150308176add1697456fdec0ae00cfcdea204c.txt,1
event.20160907a24b43442998bbb698492e3fde546782.txt,event.201608229a14eddaba15a23d82449012d1f72dc5.txt,1
event.20161118f6401458535e0f33325222cb4e5159e1.txt,event.20161210f6798ef36ed2dfbce68a8d1939e66c5c.txt,1
event.201612175c3be967b7458abb53b2459fe24cd2ea.txt,event.201610132f03a5f7e358e37fd6810bdb23dc2f89.txt,1
event.201609253e70e6c7b60c90d0ef0fc57cf000c34a.txt,event.201609254fe2426fc78f24f816f40939b447e1d3.txt,1
event.201612306b8b3de85b61c08260f17d0871d55e73.txt,event.20161215d7989f74d89949d2d8a1dbb8e00c055b.txt,1
event.201608223d8857891330290c024337403edb2ca8.txt,event.20160110a4a904d91d39b1f80e87d5861d5475ac.txt,1
event.20161229ee4b0609ebdd5fb4be0fb0c133971ddf.txt,event.20161226c90c505dd246fc6ec06766a02e82acd4.txt,1
event.2016122924bfde3aa77bd02323cd29f850359935.txt,event.20161222581bc23337b186ae3263d2af9782b8ce.txt,1
event.20160426fdada2c662964b8e0298a6a70d059064.txt,event.20161215a8b42eecdfea8c87f548f31b89e9a55b.txt,1
event.20161018264395712b0bff04a335ee07fee48a45.txt,event.2016122323b8bb0dd10ec705d90f58945aa114a5.txt,1
event.20161212efc3664c65695f2a0bdddde8836e75df.txt,event.2016122323b8bb0dd10ec705d90f58945aa114a5.txt,1
event.201612180f9d47a7df983cd24fcff797008b6d49.txt,event.2016042586d46d14283773e6e1a6adfa79e5b8d3.txt,1
event.20161227effbd4fb86c0627ccce8fbedfb227982.txt,event.20160906b5d4e0e09d12a52e7ccf8ea756d49fa3.txt,1
event.20161006b473148f51ad30ae287f8a32f23cd21e.txt,event.20160812c1c7a3c83a754881d4f2c1d1bd3aed03.txt,1
event.201612153edc4814f4a74acd836d78b6098f2875.txt,event.20160603343dd1912adf140b9f9432aefd7f192b.txt,1
event.20160811a8058c394f370b1937ce00c1ca05ba3d.txt,event.20161120d07dfeafe6a7f0187166f7571cae164a.txt,1
event.201607215ebe80b5c0a7cb14b84a9da472876540.txt,event.201612307eceb43f558c482631822bc036f9ad45.txt,1
event.201611291297863961b45aa88075866a08f78eec.txt,event.2016020333a180a1f23a60f664b0499239630bdf.txt,1
event.20160530eb4187f18b264ed42b57411e9f28c57a.txt,event.20161114e0f381316544e01a97b955d4937e1879.txt,1
event.20160710e97ecb19fc51283c7ee9f75c76978a71.txt,event.20161226c9c9b0f969e4bf1a140c6818880fb96d.txt,1
event.201608237eca5bfda7a56b6091c4ab72b4727480.txt,event.2016091438ef2d8feabebe8f27973e68ec4fa6a3.txt,1
event.20160723f2dfaeefd1cbcc8f2b5c131bf33cd46a.txt,event.2016051262499d63d73e94a8da9a86baa71a8d8c.txt,1
event.2016082495d463a8525d5849683a3badcdb281d8.txt,event.2016032803998c4cbff296e0acd6c10d1ff2e040.txt,1
event.2015072521b9351bab0c50bbc7e4c2d56e9b700e.txt,event.2016102590948bfd66cd977d08589879a329206c.txt,1
event.2016072985d8c07200695b3e83bcab0d66f9c1cc.txt,event.20161028df5f0b55da9afe3cddede75fd2ca71e9.txt,1
event.201607115242317e437c3f96cd4d0086d1abe24d.txt,event.20160415ac1cdff8eb2ec7b2bbd77969221b34d3.txt,1
event.20160220779719199098aa9b97d4c59bbb4cfbdf.txt,event.201608223d8857891330290c024337403edb2ca8.txt,1
event.201612144d7969b70ec459a7f40c8cbb58dbc293.txt,event.2016121562f2c48d44369f7496f0b4e9a7b7cbba.txt,1
event.20141130b968583764325e8ed343e8faae2d6894.txt,event.20160623bbe861d8a81c60c7fe0ae546ef2561f8.txt,1
event.20161112c825abf734e3f4bb2c6139dd4c01526b.txt,event.2016121483d6f1bf537b980d79bc6098b3517533.txt,1
event.20161226c19a38842b18aa5f61234d78c97f5c87.txt,event.20150308176add1697456fdec0ae00cfcdea204c.txt,1
event.2016121483d6f1bf537b980d79bc6098b3517533.txt,event.201611154ec24b786d1abc08924d86b5e6a8c80a.txt,1
event.201612100169a0b9b4e4081661c1011dbd523e35.txt,event.20161212e0a1a982e67a0c3266280720a1884086.txt,1
event.201603277983c1b554086073b9110b1ecc8f480e.txt,event.2016012052a5312aa4870e891712515c219afedb.txt,1
event.201612063fda37a7606b1e903d3411ab44c55130.txt,event.20161128bc8b36a0796560e9744826b329fcb905.txt,1
event.201604092e68a73da34441de0d21fb26e09df71d.txt,event.20160711ca5a1521d71d0f5785d35bc3796d6e8f.txt,1
event.201612146d08825a38287b8ffa1ab01cd2e9c9f7.txt,event.20160518709924434c4eb2af377fe55d0fc4ad1d.txt,1
event.20160420b3706133c08ce393db632d7f93329894.txt,event.20130330041294fe885adb82c31daf60d41b3950.txt,1
event.20161224095092281756eb983f632d145d3c8843.txt,event.201611079b3ea448c8db66b2706200d1670e0556.txt,1
event.20161226917389ab4004b14e898e4d78a7ee512b.txt,event.20161121299f3164ea497b99875d69f8126fd730.txt,1
event.20151123aad8427f68cb3a4e031a7c7ea4d7888f.txt,event.201612274f8d5934a0454f002f8ba4cb0d961a51.txt,1
event.20161117fd5a83d6f0f8414daf288266bcea04c2.txt,event.20161213d1028e3d0474a9133812968c6b7f00d0.txt,1
event.201307036fafb108c7bbbeb0f1ea43364f385b82.txt,event.20160813f17f3b52e21a9a05a765f4e11e5eca0d.txt,1
event.2016122615ce5024822a7b80f98c9de81bf52602.txt,event.20150308176add1697456fdec0ae00cfcdea204c.txt,1
event.2016122659d5065249ec234480c0a5baa5b24178.txt,event.20161222455f096b94eca023cde9aeac6b931238.txt,1
event.20140526bed692cc046bf8ebcf67241e822cf8f2.txt,event.20161222122846d8ee6384921bdc14f41e42a212.txt,1
event.2016122468f4af4b9826d9f7886bd61479d66d86.txt,event.2016122409dd1e8900a7c4998fb16ea90e30a8de.txt,1
event.20161026f2be3008196e4c15ed5a2fb22389d46d.txt,event.20130221574f3fbfc6d2ea8d387de0d87f6f1fae.txt,1
event.20160530eb4187f18b264ed42b57411e9f28c57a.txt,event.20160805e03fb1316a528c53acd2405852c344a6.txt,1
event.20161221879f2f0ab6a31916e25655386a690e4c.txt,event.20161220b791e2bc6c2a6d193aa891a34a8b192c.txt,1
event.20160809117170b17219b0f87bec7be4c9aef724.txt,event.20161230f636c4ab079eff1be425fae7df69c0e8.txt,1
event.20161215469389de61c46c151eabf6e76ae01625.txt,event.2016062169df392099e3535931e0390e22ba439d.txt,1
event.20160428404da348f8ed8ffd9ba840180c6bae03.txt,event.2016090553ee742a42e8da6c0c46300dd8ee95f4.txt,1
event.2016092273dbb41cc30bc26f272e4ddb78594985.txt,event.201609094f206d4d9cb79741fa5cf3cd20b1a8b5.txt,1
event.20160310d94269035fb38c2f6a384eb07f7b37b8.txt,event.20150724679b9e971da00715aa3346334d7acc9b.txt,1
event.20161027218af4f424b3458fcdb4cc00ee746b39.txt,event.2013022384954e9ec98653b0f4bd77dadeba89e4.txt,1
event.201605312ed1cd6c33a76ade6fb362a6f6348914.txt,event.201611089c5acc92632d86e13939863ec0034e5e.txt,1
event.2016122120d4479aed019de3b32d6d1ed16456be.txt,event.201612253ebc5c30981366b4882e062c812c32a6.txt,1
event.2015012975a10691e7a75fd330bc3237499bb1ca.txt,event.20161221c2f129f4fd6a47425bc0a6a8241dbd4a.txt,1
event.201612281256be7195059d73fd5d4e1b0bc62652.txt,event.2016122273edab8292e73a677f3385a3f27591c1.txt,1
event.20160506d7916c206de274f902ca4d92f310fe0c.txt,event.201611099cb8a274320d91a8cec7a26f38dbd324.txt,1
event.201612180eba4a4ddc9206ef3fcf1ffe993505d5.txt,event.20130221574f3fbfc6d2ea8d387de0d87f6f1fae.txt,1
event.20160812c1c7a3c83a754881d4f2c1d1bd3aed03.txt,event.20161006b473148f51ad30ae287f8a32f23cd21e.txt,1
event.20161223faca7a8a19d6d9e130ce8661956b994d.txt,event.201612290063c3d1f2448891f7c498d4245f8dfc.txt,1
event.20160720603a7ab65201bb9e667c47a80fb39ae7.txt,event.20161205c28c3e3d4ba51fed3bc66ad8c756afb5.txt,1
event.20161216eeeb44c61aef8c628fbfec507f399e04.txt,event.20161225dfa770f2b5f7855904084bb6d78b11e6.txt,1
event.201607103ae76d62ddf87cf9bbd5086b4ac19162.txt,event.20160914e7e9646d85f358487b20266077e48747.txt,1
event.2016060120d6af01be359f5cb69b71356d039f11.txt,event.20161219d953099fc869e4d44f06cd40aec8e82c.txt,1
event.20161218ef8d36961fccabfabc721485fc7b7d46.txt,event.201602247e4a20536f656991a594f0f2accec940.txt,1
event.20161230646fcc520225ef00031bef42132ce114.txt,event.201611089444cdc2948a218401ac6132047b874c.txt,1
event.20161229ea8b0fd27c0bd7cb83f3d1322908e017.txt,event.2014060485d03e7a2af40593fb7a911abfd6580f.txt,1
event.20160402a2d32a53bf0847f006da6f072f6f2f5f.txt,event.2016121498b98de8bc3c48726d5d9aa551920a77.txt,1
event.20161229f6cdd9024c2992b001e1f1a2f5825188.txt,event.20160712e4ec3224d1bcde6fc497761f37370a65.txt,1
event.20161209315332eacc02d927a238ee610af6b8c0.txt,event.2016071508d6a2a8415ae0d771197928f3c247c3.txt,1
event.20160829b37c73018154222804e6a6170bf5fe11.txt,event.201610156a983adb6752b22e54ea691e55d35785.txt,1
event.2016121806592b30e83c941e61cb6216454385f3.txt,event.201610193d0926adfd5e1b76e3faca0606cd0902.txt,1
event.20160511595e01d9b344ae64d07550e9798cf4b3.txt,event.2016120334e3030d6bd212f398cfaac0a7b39b31.txt,1
event.2016122998c8f5ab9d0dbacce2aecac63411a149.txt,event.2016110529397d29137962232a9ef09c6dcfee88.txt,1
event.201611090a83dee1a25e4791605130a8a95035cc.txt,event.20160920179ec4fb9a5630dbdfc5831573381edb.txt,1
event.201612210db4ef4ccf2dd4883ba6ed34a387f9f0.txt,event.20160924bac559a272da5a806b36d7fbe26e50ac.txt,1
event.20151123aac77d96214ca912b805d229a6931458.txt,event.201612274f8d5934a0454f002f8ba4cb0d961a51.txt,1
event.201610214cf824c8d3b8aaf6c70d56ed7d32544b.txt,event.201612196ea37d8b2d2ad6496ad59c8cb4328c61.txt,1
event.20161114ca843c204f75f67a093778ef4e6952aa.txt,event.20161223a7d49f10031b6d8a482146207e426e60.txt,1
event.20161222d8762b217b4ca95e0a76009719160ac2.txt,event.2016101710b5ffa92445a7a0d80669cc00ef9e74.txt,1
event.20160621b87175fc77346cbd416914fe9538b215.txt,event.201610314cb93abbdb7f4e4b19f4c155675a2b0f.txt,1
event.2016122998e5121e6664671267ba8d3d0b2123a3.txt,event.20160401b1b028a219edf1555655bf08eea4e65b.txt,1
event.20160702a1b70eb9a4bec758fb7083cf9772521c.txt,event.2016122798ebcc64557a425551258037c2d35fe7.txt,1
event.201612254dd4fd946055a425ef5c7f30a84f3053.txt,event.2016121553ca28a89b1b88d3e98f3a82d92d02e6.txt,1
event.2016122887639380c5dbd13e62cd2fb1e96e0ca2.txt,event.2016122816c556468be184d4680c93d370777ee8.txt,1
event.20161122073730ed138901cd8041b1e78c065cc4.txt,event.20151123aad8427f68cb3a4e031a7c7ea4d7888f.txt,1
event.201606273ad44e0e6bac9a5ab43402a4223d6804.txt,event.20160818260ffe52bb88c9c7f711c93c38fb5b0c.txt,1
event.201607038cdd07f1d1a4d7c4b3a36b7502b06bb0.txt,event.20161212c51df215321c7f04379d95ef53f4be3b.txt,1
event.20160803e7af63cd6565f1ffd40225dede32ddd6.txt,event.20160215f38cc1e9a0ead4c4f220f10ae9ae4ed9.txt,1
event.20160505d3f9f4bf0dc365d7cdf461d03ad3b565.txt,event.20161228b53744216a9f21ff242b8042e33f5b06.txt,1
event.20160630b12ae62f339c00765f9f0779bc591aab.txt,event.20160403b188d79faace2aea4e5186cc3b8742e1.txt,1
event.20161015cc43f9b7d1a4f6f23c4ddfb9614d9611.txt,event.20150630db5c7d40d9dcc492285192a4232309ac.txt,1
event.2016121902cc71aa90f4fb938bd2f55d1971a9b6.txt,event.20160920179ec4fb9a5630dbdfc5831573381edb.txt,1
event.20151116775ed32ccc91af43c103e110c1cf07ee.txt,event.20160206a64fb548e8b63a843d57dbb734cedd52.txt,1
event.20161215a8b42eecdfea8c87f548f31b89e9a55b.txt,event.20160426fdada2c662964b8e0298a6a70d059064.txt,1
event.20161226c9e2d378ec8e9072b52b5cf8b4e13e05.txt,event.20161222455f096b94eca023cde9aeac6b931238.txt,1
event.201612268a2ac4396acd3620d01a6ae6de960061.txt,event.2016101284b68a8bf54df836f950371843907e43.txt,1
event.20150901eab3837539a06f1753af333c3906d1fd.txt,event.201509015cb35b4127b1bfbc29f29be33879a121.txt,1
event.2016081758e324bb262602354368fdac8677c5b8.txt,event.20160920179ec4fb9a5630dbdfc5831573381edb.txt,1
event.201612151e0caabd1d3fc9ff95bfb98730525492.txt,event.20160624603b73e17d8f2b3f0492aa3814e58d78.txt,1
event.2016090540073adc20bcaa8aebf43ddea433a32a.txt,event.201604128f246005f9b6b65bd28bc40f3de2e150.txt,1
event.20161222455f096b94eca023cde9aeac6b931238.txt,event.2016122659d5065249ec234480c0a5baa5b24178.txt,1
event.20161104118b809c6a71d99e8aa44caba524c25f.txt,event.20150614b05a9e4cee30de8abf259723aed36a25.txt,1
event.20160810d0eb8d3f541bc6c219c3a42153d67d84.txt,event.2016121225395e77692654622f084aca9daafabb.txt,1
event.201612260754444ef1f70008dae4044c6e4710fd.txt,event.2016121687f5bda2ab5fa8c1df1b91b49ed21ca4.txt,1
event.201612267be76201188981ecc0b525197df72312.txt,event.201607263fe01701987fad855a60b3c586311ba0.txt,1
event.20160805e03fb1316a528c53acd2405852c344a6.txt,event.2016092785e7266b3180a7d58832e3190ce521ad.txt,1
event.20160226a2babf991cd215ed120ba71dedb7036c.txt,event.20161215bfa09a2c0f23f1c3a01c1db0f7c2b83a.txt,1
event.201609253a1ddd25785d83ab0e7c2e6626da497e.txt,event.201609268f0e945aed480fe97b6bdcae171108f4.txt,1
event.2016122967582eb9573c2240412abf17ba1e8a28.txt,event.201612229a705bc8ed8c5a08cf34b080d86b3044.txt,1
event.2016122049ecec808de19117023d41c9f115ddad.txt,event.20151201ecfd08a95ddaceaa683b8c5907143648.txt,1
event.20161031dc0b009fae7c5b4af4bad8a3f3f3c5bc.txt,event.201612293a753a4fccae78d5206a308ddb752140.txt,1
event.201610191ffbc5d04b384ee29d66458e28293198.txt,event.20160401b1b028a219edf1555655bf08eea4e65b.txt,1
event.201611074ef82e8593b6780b8d6974f3f5d69015.txt,event.201609247a9c5b0bc42b1222b191ea6e76054295.txt,1
event.201612211b7fba15d32247b79d8b92f2e53b9079.txt,event.20161028df5f0b55da9afe3cddede75fd2ca71e9.txt,1
event.20160829685dd39ba643d596b170ff0eb89803fd.txt,event.201606266d1383d917c339f46dc4228681312bd5.txt,1
event.201611154ec24b786d1abc08924d86b5e6a8c80a.txt,event.2016121483d6f1bf537b980d79bc6098b3517533.txt,1
event.20161119602eb6c2570b6be88a729e0698c7a26c.txt,event.20160206a64fb548e8b63a843d57dbb734cedd52.txt,1
event.2016110740ea98eb72b4ba6eb6f0b20879759540.txt,event.20130221574f3fbfc6d2ea8d387de0d87f6f1fae.txt,1
event.20161227cf2c6abc4b7e00697c8df501d4443caa.txt,event.201612278d9fbe9a7ecb2622d626030e03d3da09.txt,1
event.20160914343ae256f22e68d3948ff19ee46d451d.txt,event.201612297e3c5239477cfa58dd01d776f6c83bc6.txt,1
event.20160426aabd53dbb6bda2a8480e3c18b3fa1915.txt,event.20161024b9501a44456567993572830d98cd5323.txt,1
event.2016121921449f50bc921812e5c7dc80f6c5d4ba.txt,event.201610185aa201ee9263a9c19471cd444f9aa524.txt,1
event.20161228c1cd4d6fdd7b071916c0a43a0bcc35b7.txt,event.2016122816c556468be184d4680c93d370777ee8.txt,1
event.20161212c51df215321c7f04379d95ef53f4be3b.txt,event.2016122063c54147a5a577f43b4ba0be3a30af50.txt,1
event.20160919e93269d94bd0363612243139bf12c1f2.txt,event.201612229a705bc8ed8c5a08cf34b080d86b3044.txt,1
event.20160905d5a8e00ab16c4588f9815303142b9a08.txt,event.201612092cff6c52a35fe915e6539b67b7311350.txt,1
event.2016121239ff42253e035ed0a5564e0b52e1c5ee.txt,event.20160921e65d1258c7e7b8201bc59f3840d0044b.txt,1
event.2016122273edab8292e73a677f3385a3f27591c1.txt,event.201612281256be7195059d73fd5d4e1b0bc62652.txt,1
event.201608206a0caaacc58e93e3b0b749e7168a581f.txt,event.2016121483d6f1bf537b980d79bc6098b3517533.txt,1
event.20161220b791e2bc6c2a6d193aa891a34a8b192c.txt,event.20161221a2d04fca9ba69ba9ead5c36e11a1a7a6.txt,1
event.20141122ba997f585825c5c2ba0779e79cc0f14f.txt,event.20161112e3d97dece5a002ade802c2a8d9a647ec.txt,1
event.20161223570d1a9d8d360cf63e7cf58c18869cf0.txt,event.20161225985e03028224dd8ed61446023259a7f6.txt,1
event.201510155f646252cfaaae9cf6383f136cb58f33.txt,event.20150324041d51d7331d3fc23fc1781570a62752.txt,1
event.20160909931f745471bf473887bb0e2eeea96335.txt,event.20160415f553708340e31046a99a3855a7d6121c.txt,1
event.20161124e21e6fb62b086aa9bf504698193305b5.txt,event.201602257af6bb57293607912e90dcf5f06021e5.txt,1
event.20161214d84ee2cb7517b156d6e5ad7aa8d45632.txt,event.201612167b37395d413887e7c60645d63c9b78c2.txt,1
event.201601116781032098972c9b14be5a45ef58ac0f.txt,event.20150906088b3f87d34e491d6d2bf09e01d44135.txt,1
event.20161226767825f5707d6d2d69ee51296ed812ba.txt,event.201612196ea37d8b2d2ad6496ad59c8cb4328c61.txt,1
event.20161023348a8fae949ca69d80a6dc1a52bdb6ed.txt,event.2016110814811fd6931febfc20d83cf28cd74765.txt,1
event.2016120177ec70b543f9c2e7b0fadea411d2bdab.txt,event.20160802f0c272f5e72094a6f44e58f36fa97d24.txt,1
event.201608313f311a35de725f9a9145185ed4113daf.txt,event.2016121481f5a957f2c44489fa7f46dc0f15eab1.txt,1
event.201612205e9ee76a044d6a1eec8efbb590cdb937.txt,event.20160518669f1f38a60c6454a2dd97d96cfae7f0.txt,1
event.20160930221c388315448c06785c7262727b83d9.txt,event.20160822173a8a79703a4ffc0df3f89c5156e886.txt,1
event.2016012967360667ab6169096d150829f9d40b73.txt,event.201609224b89528b65afc0729a1813235ed52fa6.txt,1
event.2016121465e780c49683a3633c9af0df8040706d.txt,event.20161030b112f8c67a430a5709f856b79f9723fb.txt,1
event.201612292730f39582a9efeb272d2de758798c26.txt,event.201610037d5ca63b1732e3637ba78ce22903f5ca.txt,1
event.201607263fe01701987fad855a60b3c586311ba0.txt,event.201612267be76201188981ecc0b525197df72312.txt,1
event.20161218b1cf1aab23383fec36756437b492d6d8.txt,event.201612189f47cdcc060501e15354a9d5ac0441f1.txt,1
event.2016071137b850dde08ad9d59e0fe494348f0d5a.txt,event.201612305578cbee95e0bb40682a74b67affba21.txt,1
event.20161114e1d398fa45ee3b3361eaf60ebb54dcf5.txt,event.20161121299f3164ea497b99875d69f8126fd730.txt,1
event.20161006e164483ace4635dcd6648aefa4dc5b74.txt,event.201610061d3a28d7ca4d67e5b61ae7fae69324a9.txt,1
event.20160512e10081dab6e41cdb197ab1b95d9d3d26.txt,event.20160217ebc7c16a6bc5299fd4e2aef21e8ab039.txt,1
event.20161226bb01d95f895f27ef895c1260b9579f93.txt,event.20151116775ed32ccc91af43c103e110c1cf07ee.txt,1
event.2016091658e2eaa926ffc05ab4d335d7f9e678c2.txt,event.20160426fdada2c662964b8e0298a6a70d059064.txt,1
event.20160804303f13e4c562ab8516595a12b655601c.txt,event.201603166e4f6c973c8f5c1d0dd5268e47cf2f99.txt,1
event.201610185aa201ee9263a9c19471cd444f9aa524.txt,event.2016112097f8dd143c2e781a7108c812936d9b61.txt,1
event.201612254568690b8de006448d78a7652cd9e438.txt,event.2016122900f0cd07e54651d421660d54c568e4ac.txt,1
event.20161222befe0d5d83c89022128ace8ce6927fc5.txt,event.201612218959e6845d56dc602580b2e3c74a4d0c.txt,1
event.201612268b42b5f6eaf0ede2146002db7e686944.txt,event.2016122620537c4d8819f72489a41f6c582b5ca2.txt,1
event.20161223d710298875442076b0b03a88d8f43fac.txt,event.201611202fec0d1e0e7fca73e6f0e4d0784c3534.txt,1
event.2016092341714cbbd7ed37329673b512d39b591d.txt,event.2015040562eb3ef2cc1b48b50299db09768dbe1e.txt,1
event.20160720096530ac9162cc75a2bfc6308c7f9374.txt,event.2016112531938abb1c875f3cfe6f02658c711346.txt,1
event.201612223f9bdc721de5aace395234137d463aec.txt,event.2016122967582eb9573c2240412abf17ba1e8a28.txt,1
event.20161220c87995df9d12067d83c2e20cf8f4974d.txt,event.20161223fd789edec4591f524807ef37dc973a1e.txt,1
event.201612012d60f6170578f758f279047111ed7fa7.txt,event.201606119ce96a9046df787d93fe95391c1340b8.txt,1
event.20161216d14d7236998ace781cb68b008566f91c.txt,event.20161218ba110fbb8f4f60348caa5c87b2b54b15.txt,1
event.20160721eb9c963524ba38b95ec16b0663ef822a.txt,event.20160108d579feb96e271640255043ddbdb699b2.txt,1
event.20161228b661d24454df3dd954b734aa7d13d7ea.txt,event.20161121299f3164ea497b99875d69f8126fd730.txt,1
event.201504032923075924f4cb399a74a2a0a28df500.txt,event.2015040562eb3ef2cc1b48b50299db09768dbe1e.txt,1
event.201612092cff6c52a35fe915e6539b67b7311350.txt,event.20160905d5a8e00ab16c4588f9815303142b9a08.txt,1
event.201607256dc8ae63037d16faba9570be73b7d3db.txt,event.20160801bff1e657cb8f21fe7e0f8fe19c3948dc.txt,1
event.201612191acf8ecd4c00f0918b7bcab6eff0ec2e.txt,event.201612120ffa59afb0031f60fabf812292c98835.txt,1