E142.199608202324.txt;E142.199608204449.txt
E142.199608202324.txt;E142.199608204465.txt
E143.199608203326.txt;E143.199608215036.txt
E143.199608203326.txt;E143.199608215488.txt
E143.199608203326.txt;E143.199608216733.txt
E142.199608204449.txt;E142.199608204465.txt
E143.199608215036.txt;E143.199608215488.txt
E143.199608215036.txt;E143.199608216733.txt
E143.199608215488.txt;E143.199608216733.txt
E141.199608229968.txt;E141.1996082311780.txt
E143.1996082613503.txt;E143.1996082614234.txt
E143.1996082613503.txt;E143.1996082615229.txt
E143.1996082613503.txt;E143.1996082615398.txt
E143.1996082613503.txt;E143.1996082716089.txt
E143.1996082613503.txt;E143.1996082717157.txt
E143.1996082614234.txt;E143.1996082615229.txt
E143.1996082614234.txt;E143.1996082615398.txt
E143.1996082614234.txt;E143.1996082716089.txt
E143.1996082614234.txt;E143.1996082717157.txt
E143.1996082615229.txt;E143.1996082615398.txt
E143.1996082615229.txt;E143.1996082716089.txt
E143.1996082615229.txt;E143.1996082717157.txt
E143.1996082615398.txt;E143.1996082716089.txt
E143.1996082615398.txt;E143.1996082717157.txt
E143.1996082716089.txt;E143.1996082717157.txt
E141.1996082717646.txt;E141.1996082819951.txt
E141.1996082819951.txt;E141.1996082921068.txt
E141.1996082819951.txt;E141.1996082921378.txt
E141.1996082921068.txt;E141.1996082921378.txt
E141.1996082921068.txt;E141.1996083024722.txt
E141.1996082921068.txt;E141.1996083024734.txt
E141.1996082921068.txt;E141.1996083024837.txt
E141.1996082921068.txt;E141.1996083025003.txt
E141.1996082921378.txt;E141.1996083024722.txt
E141.1996082921378.txt;E141.1996083024734.txt
E141.1996082921378.txt;E141.1996083024837.txt
E141.1996082921378.txt;E141.1996083025003.txt
E142.1996082922429.txt;E142.1996083024795.txt
E142.1996082922429.txt;E142.1996083024960.txt
E142.1996082922429.txt;E142.1996083025283.txt
E143.1996082922558.txt;E143.1996083024335.txt
E143.1996082922558.txt;E143.1996083025213.txt
E143.1996083024335.txt;E143.1996083025213.txt
E141.1996083024722.txt;E141.1996083024734.txt
E141.1996083024722.txt;E141.1996083024837.txt
E141.1996083024722.txt;E141.1996083025003.txt
E141.1996083024722.txt;E141.1996083126046.txt
E141.1996083024734.txt;E141.1996083024837.txt
E141.1996083024734.txt;E141.1996083025003.txt
E141.1996083024734.txt;E141.1996083126046.txt
E142.1996083024795.txt;E142.1996083024960.txt
E142.1996083024795.txt;E142.1996083025283.txt
E141.1996083024837.txt;E141.1996083025003.txt
E141.1996083024837.txt;E141.1996083126046.txt
E142.1996083024960.txt;E142.1996083025283.txt
E141.1996083025003.txt;E141.1996083126046.txt
E141.1996083126046.txt;E141.1996090126320.txt
E143.1996090227116.txt;E143.1996090227258.txt
E143.1996090227116.txt;E143.1996090328898.txt
E143.1996090227116.txt;E143.1996090329031.txt
E143.1996090227116.txt;E143.1996090329470.txt
E143.1996090227116.txt;E143.1996090330723.txt
E143.1996090227116.txt;E143.1996090330727.txt
E143.1996090227116.txt;E143.1996090330728.txt
E143.1996090227116.txt;E143.1996090331012.txt
E143.1996090227116.txt;E143.1996090331022.txt
E143.1996090227258.txt;E143.1996090328898.txt
E143.1996090227258.txt;E143.1996090329031.txt
E143.1996090227258.txt;E143.1996090329470.txt
E143.1996090227258.txt;E143.1996090330723.txt
E143.1996090227258.txt;E143.1996090330727.txt
E143.1996090227258.txt;E143.1996090330728.txt
E143.1996090227258.txt;E143.1996090331012.txt
E143.1996090227258.txt;E143.1996090331022.txt
E143.1996090328898.txt;E143.1996090329031.txt
E143.1996090328898.txt;E143.1996090329470.txt
E143.1996090328898.txt;E143.1996090330723.txt
E143.1996090328898.txt;E143.1996090330727.txt
E143.1996090328898.txt;E143.1996090330728.txt
E143.1996090328898.txt;E143.1996090331012.txt
E143.1996090328898.txt;E143.1996090331022.txt
E143.1996090328898.txt;E143.1996090431976.txt
E143.1996090329031.txt;E143.1996090329470.txt
E143.1996090329031.txt;E143.1996090330723.txt
E143.1996090329031.txt;E143.1996090330727.txt
E143.1996090329031.txt;E143.1996090330728.txt
E143.1996090329031.txt;E143.1996090331012.txt
E143.1996090329031.txt;E143.1996090331022.txt
E143.1996090329031.txt;E143.1996090431976.txt
E143.1996090329470.txt;E143.1996090330723.txt
E143.1996090329470.txt;E143.1996090330727.txt
E143.1996090329470.txt;E143.1996090330728.txt
E143.1996090329470.txt;E143.1996090331012.txt
E143.1996090329470.txt;E143.1996090331022.txt
E143.1996090329470.txt;E143.1996090431976.txt
E143.1996090330723.txt;E143.1996090330727.txt
E143.1996090330723.txt;E143.1996090330728.txt
E143.1996090330723.txt;E143.1996090331012.txt
E143.1996090330723.txt;E143.1996090331022.txt
E143.1996090330723.txt;E143.1996090431976.txt
E143.1996090330727.txt;E143.1996090330728.txt
E143.1996090330727.txt;E143.1996090331012.txt
E143.1996090330727.txt;E143.1996090331022.txt
E143.1996090330727.txt;E143.1996090431976.txt
E143.1996090330728.txt;E143.1996090331012.txt
E143.1996090330728.txt;E143.1996090331022.txt
E143.1996090330728.txt;E143.1996090431976.txt
E143.1996090331012.txt;E143.1996090331022.txt
E143.1996090331012.txt;E143.1996090431976.txt
E143.1996090331022.txt;E143.1996090431976.txt
E141.1996090431646.txt;E141.1996090432716.txt
E141.1996090431646.txt;E141.1996090534359.txt
E141.1996090431646.txt;E141.1996090534569.txt
E143.1996090431976.txt;E143.1996090535127.txt
E143.1996090431976.txt;E143.1996090536412.txt
E141.1996090432716.txt;E141.1996090534359.txt
E141.1996090432716.txt;E141.1996090534569.txt
E142.1996090533898.txt;E142.1996090535415.txt
E142.1996090533898.txt;E142.1996090535962.txt
E141.1996090534359.txt;E141.1996090534569.txt
E141.1996090534359.txt;E141.1996090637602.txt
E141.1996090534569.txt;E141.1996090637602.txt
E143.1996090535127.txt;E143.1996090536412.txt
E143.1996090535127.txt;E143.1996090636581.txt
E143.1996090535127.txt;E143.1996090637969.txt
E143.1996090535127.txt;E143.1996090638002.txt
E143.1996090535127.txt;E143.1996090638302.txt
E143.1996090535127.txt;E143.1996090639004.txt
E142.1996090535415.txt;E142.1996090535962.txt
E143.1996090536412.txt;E143.1996090636581.txt
E143.1996090536412.txt;E143.1996090637969.txt
E143.1996090536412.txt;E143.1996090638002.txt
E143.1996090536412.txt;E143.1996090638302.txt
E143.1996090536412.txt;E143.1996090639004.txt
E143.1996090636581.txt;E143.1996090637969.txt
E143.1996090636581.txt;E143.1996090638002.txt
E143.1996090636581.txt;E143.1996090638302.txt
E143.1996090636581.txt;E143.1996090639004.txt
E143.1996090637969.txt;E143.1996090638002.txt
E143.1996090637969.txt;E143.1996090638302.txt
E143.1996090637969.txt;E143.1996090639004.txt
E143.1996090638002.txt;E143.1996090638302.txt
E143.1996090638002.txt;E143.1996090639004.txt
E143.1996090638302.txt;E143.1996090639004.txt
E142.1996090939976.txt;E142.1996090939997.txt
E142.1996090939976.txt;E142.1996090940058.txt
E142.1996090939976.txt;E142.1996090940110.txt
E142.1996090939976.txt;E142.1996090940111.txt
E142.1996090939976.txt;E142.1996090940668.txt
E142.1996090939997.txt;E142.1996090940058.txt
E142.1996090939997.txt;E142.1996090940110.txt
E142.1996090939997.txt;E142.1996090940111.txt
E142.1996090939997.txt;E142.1996090940668.txt
E142.1996090940058.txt;E142.1996090940110.txt
E142.1996090940058.txt;E142.1996090940111.txt
E142.1996090940058.txt;E142.1996090940668.txt
E142.1996090940110.txt;E142.1996090940111.txt
E142.1996090940110.txt;E142.1996090940668.txt
E142.1996090940111.txt;E142.1996090940668.txt
E141.1996090940357.txt;E141.1996090941714.txt
E143.1996091043166.txt;E143.1996091043693.txt
E143.1996091043166.txt;E143.1996091044734.txt
E143.1996091043693.txt;E143.1996091044734.txt
E141.1996091145489.txt;E141.1996091145491.txt
E141.1996091145489.txt;E141.1996091146166.txt
E141.1996091145489.txt;E141.1996091146912.txt
E141.1996091145489.txt;E141.1996091146923.txt
E141.1996091145489.txt;E141.1996091146928.txt
E141.1996091145489.txt;E141.1996091146977.txt
E141.1996091145489.txt;E141.1996091249273.txt
E141.1996091145489.txt;E141.1996091249573.txt
E141.1996091145491.txt;E141.1996091146166.txt
E141.1996091145491.txt;E141.1996091146912.txt
E141.1996091145491.txt;E141.1996091146923.txt
E141.1996091145491.txt;E141.1996091146928.txt
E141.1996091145491.txt;E141.1996091146977.txt
E141.1996091145491.txt;E141.1996091249273.txt
E141.1996091145491.txt;E141.1996091249573.txt
E141.1996091146166.txt;E141.1996091146912.txt
E141.1996091146166.txt;E141.1996091146923.txt
E141.1996091146166.txt;E141.1996091146928.txt
E141.1996091146166.txt;E141.1996091146977.txt
E141.1996091146166.txt;E141.1996091249273.txt
E141.1996091146166.txt;E141.1996091249573.txt
E142.1996091146195.txt;E142.1996091248629.txt
E142.1996091146195.txt;E142.1996091249535.txt
E142.1996091146195.txt;E142.1996091249612.txt
E142.1996091146195.txt;E142.1996091249647.txt
E142.1996091146195.txt;E142.1996091249831.txt
E142.1996091146195.txt;E142.1996091250266.txt
E142.1996091146195.txt;E142.1996091250271.txt
E141.1996091146912.txt;E141.1996091146923.txt
E141.1996091146912.txt;E141.1996091146928.txt
E141.1996091146912.txt;E141.1996091146977.txt
E141.1996091146912.txt;E141.1996091249273.txt
E141.1996091146912.txt;E141.1996091249573.txt
E141.1996091146923.txt;E141.1996091146928.txt
E141.1996091146923.txt;E141.1996091146977.txt
E141.1996091146923.txt;E141.1996091249273.txt
E141.1996091146923.txt;E141.1996091249573.txt
E141.1996091146928.txt;E141.1996091146977.txt
E141.1996091146928.txt;E141.1996091249273.txt
E141.1996091146928.txt;E141.1996091249573.txt
E141.1996091146977.txt;E141.1996091249273.txt
E141.1996091146977.txt;E141.1996091249573.txt
E142.1996091248629.txt;E142.1996091249535.txt
E142.1996091248629.txt;E142.1996091249612.txt
E142.1996091248629.txt;E142.1996091249647.txt
E142.1996091248629.txt;E142.1996091249831.txt
E142.1996091248629.txt;E142.1996091250266.txt
E142.1996091248629.txt;E142.1996091250271.txt
E141.1996091249273.txt;E141.1996091249573.txt
E141.1996091249273.txt;E141.1996091351266.txt
E141.1996091249273.txt;E141.1996091352160.txt
E141.1996091249273.txt;E141.1996091352542.txt
E142.1996091249535.txt;E142.1996091249612.txt
E142.1996091249535.txt;E142.1996091249647.txt
E142.1996091249535.txt;E142.1996091249831.txt
E142.1996091249535.txt;E142.1996091250266.txt
E142.1996091249535.txt;E142.1996091250271.txt
E141.1996091249573.txt;E141.1996091351266.txt
E141.1996091249573.txt;E141.1996091352160.txt
E141.1996091249573.txt;E141.1996091352542.txt
E142.1996091249612.txt;E142.1996091249647.txt
E142.1996091249612.txt;E142.1996091249831.txt
E142.1996091249612.txt;E142.1996091250266.txt
E142.1996091249612.txt;E142.1996091250271.txt
E142.1996091249647.txt;E142.1996091249831.txt
E142.1996091249647.txt;E142.1996091250266.txt
E142.1996091249647.txt;E142.1996091250271.txt
E142.1996091249831.txt;E142.1996091250266.txt
E142.1996091249831.txt;E142.1996091250271.txt
E142.1996091250266.txt;E142.1996091250271.txt
E143.1996091351255.txt;E143.1996091351287.txt
E143.1996091351255.txt;E143.1996091351295.txt
E143.1996091351255.txt;E143.1996091351296.txt
E143.1996091351255.txt;E143.1996091353409.txt
E143.1996091351255.txt;E143.1996091353432.txt
E141.1996091351266.txt;E141.1996091352160.txt
E141.1996091351266.txt;E141.1996091352542.txt
E143.1996091351287.txt;E143.1996091351295.txt
E143.1996091351287.txt;E143.1996091351296.txt
E143.1996091351287.txt;E143.1996091353409.txt
E143.1996091351287.txt;E143.1996091353432.txt
E143.1996091351295.txt;E143.1996091351296.txt
E143.1996091351295.txt;E143.1996091353409.txt
E143.1996091351295.txt;E143.1996091353432.txt
E143.1996091351296.txt;E143.1996091353409.txt
E143.1996091351296.txt;E143.1996091353432.txt
E141.1996091352160.txt;E141.1996091352542.txt
E143.1996091353409.txt;E143.1996091353432.txt
E143.1996091655479.txt;E143.1996091655641.txt
E143.1996091655479.txt;E143.1996091759442.txt
E143.1996091655641.txt;E143.1996091759442.txt
E142.1996091757732.txt;E142.1996091757773.txt
E143.1996091759442.txt;E143.1996091862408.txt
E143.1996091759442.txt;E143.1996091862610.txt
E143.1996091759442.txt;E143.1996091863086.txt
E143.1996091862408.txt;E143.1996091862610.txt
E143.1996091862408.txt;E143.1996091863086.txt
E143.1996091862408.txt;E143.1996091964201.txt
E143.1996091862610.txt;E143.1996091863086.txt
E143.1996091862610.txt;E143.1996091964201.txt
E143.1996091863086.txt;E143.1996091964201.txt
E141.1996091963592.txt;E141.1996091963886.txt
E143.1996091964201.txt;E143.1996092066942.txt
E143.1996091964201.txt;E143.1996092067291.txt
E143.1996091964201.txt;E143.1996092067452.txt
E143.1996091964201.txt;E143.1996092068403.txt
E142.1996091964619.txt;E142.1996091964890.txt
E143.1996092066942.txt;E143.1996092067291.txt
E143.1996092066942.txt;E143.1996092067452.txt
E143.1996092066942.txt;E143.1996092068403.txt
E143.1996092067291.txt;E143.1996092067452.txt
E143.1996092067291.txt;E143.1996092068403.txt
E143.1996092067452.txt;E143.1996092068403.txt
E141.1996092370311.txt;E141.1996092472636.txt
E141.1996092370311.txt;E141.1996092472893.txt
E141.1996092370311.txt;E141.1996092473193.txt
E141.1996092370311.txt;E141.1996092473846.txt
E141.1996092370311.txt;E141.1996092473887.txt
E141.1996092370311.txt;E141.1996092474050.txt
E143.1996092472212.txt;E143.1996092473347.txt
E143.1996092472212.txt;E143.1996092575022.txt
E143.1996092472212.txt;E143.1996092577015.txt
E141.1996092472636.txt;E141.1996092472893.txt
E141.1996092472636.txt;E141.1996092473193.txt
E141.1996092472636.txt;E141.1996092473846.txt
E141.1996092472636.txt;E141.1996092473887.txt
E141.1996092472636.txt;E141.1996092474050.txt
E141.1996092472893.txt;E141.1996092473193.txt
E141.1996092472893.txt;E141.1996092473846.txt
E141.1996092472893.txt;E141.1996092473887.txt
E141.1996092472893.txt;E141.1996092474050.txt
E141.1996092473193.txt;E141.1996092473846.txt
E141.1996092473193.txt;E141.1996092473887.txt
E141.1996092473193.txt;E141.1996092474050.txt
E143.1996092473347.txt;E143.1996092575022.txt
E143.1996092473347.txt;E143.1996092577015.txt
E141.1996092473846.txt;E141.1996092473887.txt
E141.1996092473846.txt;E141.1996092474050.txt
E141.1996092473887.txt;E141.1996092474050.txt
E143.1996092575022.txt;E143.1996092577015.txt
E143.1996092575022.txt;E143.1996092677396.txt
E143.1996092575022.txt;E143.1996092679239.txt
E143.1996092577015.txt;E143.1996092677396.txt
E143.1996092577015.txt;E143.1996092679239.txt
E143.1996092677396.txt;E143.1996092679239.txt
E143.1996092677396.txt;E143.1996092782442.txt
E143.1996092677396.txt;E143.1996092782734.txt
E141.1996092678873.txt;E141.1996092679305.txt
E141.1996092678873.txt;E141.1996092679863.txt
E141.1996092678873.txt;E141.1996092679905.txt
E142.1996092679183.txt;E142.1996092679392.txt
E142.1996092679183.txt;E142.1996092679856.txt
E143.1996092679239.txt;E143.1996092782442.txt
E143.1996092679239.txt;E143.1996092782734.txt
E141.1996092679305.txt;E141.1996092679863.txt
E141.1996092679305.txt;E141.1996092679905.txt
E142.1996092679392.txt;E142.1996092679856.txt
E141.1996092679863.txt;E141.1996092679905.txt
E143.1996092782442.txt;E143.1996092782734.txt
E143.1996093085005.txt;E143.1996100187445.txt
E143.1996093085005.txt;E143.1996100189596.txt
E143.1996093085005.txt;E143.1996100189602.txt
E141.1996093085175.txt;E141.1996093085669.txt
E141.1996093085175.txt;E141.1996093085808.txt
E141.1996093085669.txt;E141.1996093085808.txt
E142.1996093085916.txt;E142.1996093086442.txt
E143.1996100187445.txt;E143.1996100189596.txt
E143.1996100187445.txt;E143.1996100189602.txt
E143.1996100189596.txt;E143.1996100189602.txt
E142.1996100393412.txt;E142.1996100394242.txt
E141.1996100395539.txt;E141.1996100496892.txt
E143.1996100497895.txt;E143.1996100497912.txt
E142.1996100799161.txt;E142.1996100799935.txt
E143.19961007100513.txt;E143.19961008102228.txt
E143.19961008102228.txt;E143.19961009106328.txt
E143.19961009106328.txt;E143.19961010107533.txt
E143.19961009106328.txt;E143.19961010107534.txt
E141.19961009106382.txt;E141.19961009106519.txt
E143.19961010107533.txt;E143.19961010107534.txt
E143.19961010107533.txt;E143.19961011110958.txt
E143.19961010107533.txt;E143.19961011111392.txt
E143.19961010107533.txt;E143.19961011111412.txt
E143.19961010107533.txt;E143.19961011111576.txt
E143.19961010107533.txt;E143.19961011111776.txt
E143.19961010107533.txt;E143.19961011111868.txt
E143.19961010107534.txt;E143.19961011110958.txt
E143.19961010107534.txt;E143.19961011111392.txt
E143.19961010107534.txt;E143.19961011111412.txt
E143.19961010107534.txt;E143.19961011111576.txt
E143.19961010107534.txt;E143.19961011111776.txt
E143.19961010107534.txt;E143.19961011111868.txt
E143.19961011110958.txt;E143.19961011111392.txt
E143.19961011110958.txt;E143.19961011111412.txt
E143.19961011110958.txt;E143.19961011111576.txt
E143.19961011110958.txt;E143.19961011111776.txt
E143.19961011110958.txt;E143.19961011111868.txt
E143.19961011111392.txt;E143.19961011111412.txt
E143.19961011111392.txt;E143.19961011111576.txt
E143.19961011111392.txt;E143.19961011111776.txt
E143.19961011111392.txt;E143.19961011111868.txt
E143.19961011111412.txt;E143.19961011111576.txt
E143.19961011111412.txt;E143.19961011111776.txt
E143.19961011111412.txt;E143.19961011111868.txt
E143.19961011111576.txt;E143.19961011111776.txt
E143.19961011111576.txt;E143.19961011111868.txt
E143.19961011111776.txt;E143.19961011111868.txt
E143.19961014113779.txt;E143.19961015116094.txt
E143.19961014113779.txt;E143.19961015118375.txt
E141.19961014113997.txt;E141.19961015116718.txt
E143.19961015116094.txt;E143.19961015118375.txt
E143.19961015116094.txt;E143.19961016119991.txt
E141.19961015116718.txt;E141.19961016121192.txt
E143.19961015118375.txt;E143.19961016119991.txt
E143.19961016119991.txt;E143.19961017123975.txt
E143.19961016119991.txt;E143.19961017125145.txt
E141.19961016121192.txt;E141.19961017123141.txt
E143.19961017123975.txt;E143.19961017125145.txt
E143.19961017123975.txt;E143.19961018127846.txt
E143.19961017125145.txt;E143.19961018127846.txt
E142.19961018127861.txt;E142.19961018127877.txt
E143.19961020129141.txt;E143.19961021129451.txt
E143.19961020129141.txt;E143.19961021130078.txt
E143.19961021129451.txt;E143.19961021130078.txt
E143.19961021129451.txt;E143.19961022132590.txt
E143.19961021130078.txt;E143.19961022132590.txt
E143.19961022132590.txt;E143.19961023136744.txt
E143.19961022132590.txt;E143.19961023137907.txt
E143.19961022132590.txt;E143.19961023138325.txt
E143.19961022132590.txt;E143.19961023138902.txt
E143.19961022132590.txt;E143.19961023138927.txt
E141.19961022134984.txt;E141.19961022134991.txt
E141.19961022134984.txt;E141.19961022135624.txt
E141.19961022134984.txt;E141.19961023137508.txt
E141.19961022134991.txt;E141.19961022135624.txt
E141.19961022134991.txt;E141.19961023137508.txt
E141.19961022135624.txt;E141.19961023137508.txt
E143.19961023136744.txt;E143.19961023137907.txt
E143.19961023136744.txt;E143.19961023138325.txt
E143.19961023136744.txt;E143.19961023138902.txt
E143.19961023136744.txt;E143.19961023138927.txt
E143.19961023136744.txt;E143.19961024139100.txt
E143.19961023136744.txt;E143.19961024139974.txt
E143.19961023136744.txt;E143.19961024140309.txt
E143.19961023136744.txt;E143.19961024141677.txt
E143.19961023136744.txt;E143.19961024141874.txt
E143.19961023136744.txt;E143.19961024142206.txt
E143.19961023136744.txt;E143.19961024142350.txt
E143.19961023136744.txt;E143.19961024142426.txt
E143.19961023136744.txt;E143.19961024142445.txt
E141.19961023137508.txt;E141.19961024139915.txt
E141.19961023137508.txt;E141.19961024141973.txt
E143.19961023137907.txt;E143.19961023138325.txt
E143.19961023137907.txt;E143.19961023138902.txt
E143.19961023137907.txt;E143.19961023138927.txt
E143.19961023137907.txt;E143.19961024139100.txt
E143.19961023137907.txt;E143.19961024139974.txt
E143.19961023137907.txt;E143.19961024140309.txt
E143.19961023137907.txt;E143.19961024141677.txt
E143.19961023137907.txt;E143.19961024141874.txt
E143.19961023137907.txt;E143.19961024142206.txt
E143.19961023137907.txt;E143.19961024142350.txt
E143.19961023137907.txt;E143.19961024142426.txt
E143.19961023137907.txt;E143.19961024142445.txt
E143.19961023138325.txt;E143.19961023138902.txt
E143.19961023138325.txt;E143.19961023138927.txt
E143.19961023138325.txt;E143.19961024139100.txt
E143.19961023138325.txt;E143.19961024139974.txt
E143.19961023138325.txt;E143.19961024140309.txt
E143.19961023138325.txt;E143.19961024141677.txt
E143.19961023138325.txt;E143.19961024141874.txt
E143.19961023138325.txt;E143.19961024142206.txt
E143.19961023138325.txt;E143.19961024142350.txt
E143.19961023138325.txt;E143.19961024142426.txt
E143.19961023138325.txt;E143.19961024142445.txt
E143.19961023138902.txt;E143.19961023138927.txt
E143.19961023138902.txt;E143.19961024139100.txt
E143.19961023138902.txt;E143.19961024139974.txt
E143.19961023138902.txt;E143.19961024140309.txt
E143.19961023138902.txt;E143.19961024141677.txt
E143.19961023138902.txt;E143.19961024141874.txt
E143.19961023138902.txt;E143.19961024142206.txt
E143.19961023138902.txt;E143.19961024142350.txt
E143.19961023138902.txt;E143.19961024142426.txt
E143.19961023138902.txt;E143.19961024142445.txt
E143.19961023138927.txt;E143.19961024139100.txt
E143.19961023138927.txt;E143.19961024139974.txt
E143.19961023138927.txt;E143.19961024140309.txt
E143.19961023138927.txt;E143.19961024141677.txt
E143.19961023138927.txt;E143.19961024141874.txt
E143.19961023138927.txt;E143.19961024142206.txt
E143.19961023138927.txt;E143.19961024142350.txt
E143.19961023138927.txt;E143.19961024142426.txt
E143.19961023138927.txt;E143.19961024142445.txt
E143.19961024139100.txt;E143.19961024139974.txt
E143.19961024139100.txt;E143.19961024140309.txt
E143.19961024139100.txt;E143.19961024141677.txt
E143.19961024139100.txt;E143.19961024141874.txt
E143.19961024139100.txt;E143.19961024142206.txt
E143.19961024139100.txt;E143.19961024142350.txt
E143.19961024139100.txt;E143.19961024142426.txt
E143.19961024139100.txt;E143.19961024142445.txt
E141.19961024139915.txt;E141.19961024141973.txt
E141.19961024139915.txt;E141.19961025143042.txt
E143.19961024139974.txt;E143.19961024140309.txt
E143.19961024139974.txt;E143.19961024141677.txt
E143.19961024139974.txt;E143.19961024141874.txt
E143.19961024139974.txt;E143.19961024142206.txt
E143.19961024139974.txt;E143.19961024142350.txt
E143.19961024139974.txt;E143.19961024142426.txt
E143.19961024139974.txt;E143.19961024142445.txt
E143.19961024140309.txt;E143.19961024141677.txt
E143.19961024140309.txt;E143.19961024141874.txt
E143.19961024140309.txt;E143.19961024142206.txt
E143.19961024140309.txt;E143.19961024142350.txt
E143.19961024140309.txt;E143.19961024142426.txt
E143.19961024140309.txt;E143.19961024142445.txt
E143.19961024141677.txt;E143.19961024141874.txt
E143.19961024141677.txt;E143.19961024142206.txt
E143.19961024141677.txt;E143.19961024142350.txt
E143.19961024141677.txt;E143.19961024142426.txt
E143.19961024141677.txt;E143.19961024142445.txt
E143.19961024141874.txt;E143.19961024142206.txt
E143.19961024141874.txt;E143.19961024142350.txt
E143.19961024141874.txt;E143.19961024142426.txt
E143.19961024141874.txt;E143.19961024142445.txt
E141.19961024141973.txt;E141.19961025143042.txt
E143.19961024142206.txt;E143.19961024142350.txt
E143.19961024142206.txt;E143.19961024142426.txt
E143.19961024142206.txt;E143.19961024142445.txt
E143.19961024142350.txt;E143.19961024142426.txt
E143.19961024142350.txt;E143.19961024142445.txt
E143.19961024142426.txt;E143.19961024142445.txt
E141.19961028146995.txt;E141.19961029150171.txt
E141.19961028146995.txt;E141.19961029151153.txt
E141.19961028146995.txt;E141.19961029151174.txt
E141.19961028146995.txt;E141.19961029151633.txt
E141.19961028146995.txt;E141.19961029151641.txt
E143.19961028147159.txt;E143.19961029152313.txt
E142.19961028147166.txt;E142.19961029151281.txt
E142.19961028147166.txt;E142.19961029151326.txt
E141.19961029150171.txt;E141.19961029151153.txt
E141.19961029150171.txt;E141.19961029151174.txt
E141.19961029150171.txt;E141.19961029151633.txt
E141.19961029150171.txt;E141.19961029151641.txt
E141.19961029151153.txt;E141.19961029151174.txt
E141.19961029151153.txt;E141.19961029151633.txt
E141.19961029151153.txt;E141.19961029151641.txt
E141.19961029151174.txt;E141.19961029151633.txt
E141.19961029151174.txt;E141.19961029151641.txt
E142.19961029151281.txt;E142.19961029151326.txt
E141.19961029151633.txt;E141.19961029151641.txt
E143.19961029152313.txt;E143.19961030153572.txt
E143.19961030153572.txt;E143.19961031157005.txt
E143.19961031157005.txt;E143.19961101160886.txt
E143.19961031157005.txt;E143.19961101161013.txt
E143.19961031157005.txt;E143.19961101161071.txt
E141.19961031157362.txt;E141.19961031157567.txt
E143.19961101160886.txt;E143.19961101161013.txt
E143.19961101160886.txt;E143.19961101161071.txt
E143.19961101161013.txt;E143.19961101161071.txt
E141.19961103162423.txt;E141.19961103162435.txt
E143.19961104165274.txt;E143.19961105165550.txt
E143.19961104165274.txt;E143.19961105165979.txt
E143.19961104165274.txt;E143.19961105167261.txt
E143.19961104165274.txt;E143.19961105167586.txt
E143.19961104165274.txt;E143.19961105167898.txt
E143.19961105165550.txt;E143.19961105165979.txt
E143.19961105165550.txt;E143.19961105167261.txt
E143.19961105165550.txt;E143.19961105167586.txt
E143.19961105165550.txt;E143.19961105167898.txt
E143.19961105165550.txt;E143.19961106171568.txt
E143.19961105165979.txt;E143.19961105167261.txt
E143.19961105165979.txt;E143.19961105167586.txt
E143.19961105165979.txt;E143.19961105167898.txt
E143.19961105165979.txt;E143.19961106171568.txt
E143.19961105167261.txt;E143.19961105167586.txt
E143.19961105167261.txt;E143.19961105167898.txt
E143.19961105167261.txt;E143.19961106171568.txt
E143.19961105167586.txt;E143.19961105167898.txt
E143.19961105167586.txt;E143.19961106171568.txt
E143.19961105167898.txt;E143.19961106171568.txt
E142.19961106170508.txt;E142.19961107171855.txt
E143.19961106171568.txt;E143.19961107172716.txt
E141.19961107171837.txt;E141.19961107172396.txt
