E131.19970410501189.txt;40.463667;-3.74922
E132.19970710718311.txt;37.09024;-95.712891
E131.1996091352053.txt;37.09024;-95.712891
E132.19970718740786.txt;36.204824;138.252924
E131.1996091353586.txt;46.227638;2.213749
E131.19961022134126.txt;41.87194;12.56738
E132.19961112182796.txt;37.09024;-95.712891
E131.19970624682800.txt;23.634501;-102.552784
E131.19961017123509.txt;11.569623;104.924998
E131.19961018127485.txt;55.378051;-3.435973
E132.19970210368419.txt;52.132633;5.291266
E131.19970305420827.txt;48.379433;31.1655799
E132.1996090940472.txt;-30.559482;22.937506
E131.19970226403396.txt;37.09024;-95.712891
E132.19970407490171.txt;-30.559482;22.937506
E131.19961121206895.txt;37.09024;-95.712891
E131.19970129340178.txt;55.378051;-3.435973
E131.19970129340178.txt;6.42375;-66.58973
E131.19970219388254.txt;37.09024;-95.712891
E131.19970528619819.txt;51.919438;19.145136
E131.19970522606507.txt;-25.274398;133.775136
E131.19970522606507.txt;-40.900557;174.885971
E131.19961017123212.txt;48.019573;66.923684
E132.19970209365915.txt;20.593684;78.96288
E131.19961122209712.txt;23.634501;-102.552784
E131.19970728759887.txt;31.046051;34.851612
E131.19970417518810.txt;61.92411;25.7481511
E131.1996082820665.txt;38.963745;35.243322
E131.1996091353627.txt;60.128161;18.643501
E131.19970513580538.txt;39.074208;21.824312
E132.19970214378095.txt;61.52401;105.318756
E131.19961210246038.txt;42.733883;25.48583
E131.19970617668077.txt;56.130366;-106.346771
E132.19961204235765.txt;15.870032;100.992541
E132.19970225399924.txt;56.130366;-106.346771
E132.19961029151503.txt;39.399872;-8.224454
E131.19970411503147.txt;50.503887;4.469936
E131.19970609648167.txt;46.818188;8.227512
E131.19970725755659.txt;37.09024;-95.712891
E131.19970108295265.txt;41.87194;12.56738
E132.19970404487157.txt;-30.559482;22.937506
E131.19961106171353.txt;-0.789275;113.921327
E132.1996092577283.txt;56.26392;9.501785
E131.19970718738991.txt;15.783471;-90.230759
E131.19970807784806.txt;23.634501;-102.552784
E132.19970613660524.txt;37.09024;-95.712891
E132.19970707712181.txt;47.516231;14.550072
E131.1996100394317.txt;33.93911;67.709953
E131.19970408493359.txt;49.817492;15.472962
E131.19970417518112.txt;7.873054;80.771797
E132.19970217383538.txt;46.818188;8.227512
E131.1996092576788.txt;46.227638;2.213749
E131.1996092576788.txt;51.165691;10.451526
E131.1996092576788.txt;41.87194;12.56738
E131.1996092576788.txt;36.204824;138.252924
E131.1996092576788.txt;55.378051;-3.435973
E131.1996092576788.txt;37.09024;-95.712891
E132.19970627694131.txt;36.204824;138.252924
E131.19970319452541.txt;-19.015438;29.154857
E131.1996093085210.txt;-35.675147;-71.542969
E131.1996093085210.txt;37.09024;-95.712891
E132.19970711723585.txt;37.09024;-95.712891
E131.19970522604865.txt;-19.015438;29.154857
E131.1996091353031.txt;1.352083;103.819836
E131.1996091353031.txt;37.09024;-95.712891
E132.19970313441771.txt;51.165691;10.451526
E131.19970207364486.txt;39.074208;21.824312
E132.19970808788564.txt;55.378051;-3.435973
E131.1996090536458.txt;39.074208;21.824312
E131.19961205238962.txt;41.87194;12.56738
E132.19970107291121.txt;37.09024;-95.712891
E132.19970710718791.txt;-30.559482;22.937506
E131.19970529625367.txt;46.818188;8.227512
E131.19970325465254.txt;37.09024;-95.712891
E131.19970523608660.txt;-30.559482;22.937506
E131.19970612657100.txt;23.684994;90.356331
E132.19970726758402.txt;51.165691;10.451526
E131.19970625687566.txt;55.378051;-3.435973
E131.19970731769038.txt;-23.442503;-58.443832
E132.19970508569349.txt;36.204824;138.252924
E132.19970512577478.txt;55.378051;-3.435973
E131.19970728760868.txt;31.791702;-7.09262
E131.1996091250747.txt;40.463667;-3.74922
E131.19970627692837.txt;7.873054;80.771797
E132.19961009104937.txt;52.09381;4.283494
E131.19970519594484.txt;51.919438;19.145136
E132.19961204233957.txt;-35.675147;-71.542969
E131.1996091146124.txt;-14.235004;-51.92528
E131.19970326471208.txt;60.128161;18.643501
E132.19970529625316.txt;60.128161;18.643501
E131.19970225402122.txt;51.165691;10.451526
E131.19970325466447.txt;37.09024;-95.712891
E132.19970612656037.txt;52.09381;4.283494
E131.19970314442485.txt;-14.235004;-51.92528
E131.19970605639532.txt;61.52401;105.318756
E131.19970214380434.txt;50.8420034;4.382409
E131.19970214380434.txt;61.92411;25.7481511
E131.19970402483167.txt;37.09024;-95.712891
E131.19970502557703.txt;12.879721;121.774017
E131.19961010108705.txt;20.593684;78.96288
E131.19970604638438.txt;-25.274398;133.775136
E132.19970514583383.txt;37.09024;-95.712891
E132.1996090940467.txt;-30.559482;22.937506
E131.19970211369230.txt;49.817492;15.472962
E132.19970416515575.txt;41.87194;12.56738
E132.19970613659389.txt;37.09024;-95.712891
E132.19970626688798.txt;42.733883;25.48583
E132.19961015118881.txt;46.818188;8.227512
E131.19970612656213.txt;-14.235004;-51.92528
E131.19970515587212.txt;37.09024;-95.712891
E131.1996090431829.txt;-35.675147;-71.542969
E132.1996100188184.txt;4.570868;-74.297333
E131.1996082716573.txt;-40.900557;174.885971
E132.19970213375039.txt;-30.559482;22.937506
E131.19961212253330.txt;50.503887;4.469936
E132.19961222272320.txt;20.593684;78.96288
E132.19970318451926.txt;61.92411;25.7481511
E131.19970507565772.txt;48.379433;31.1655799
E131.19970428545174.txt;22.198745;113.543873
E131.19970512575275.txt;51.919438;19.145136
E132.19970408495506.txt;36.204824;138.252924
E131.19970812793722.txt;-14.235004;-51.92528
E132.19961128224248.txt;36.204824;138.252924
E131.19970819808992.txt;37.09024;-95.712891
E131.19970725757969.txt;46.818188;8.227512
E132.19970813797108.txt;37.09024;-95.712891
E131.19970512575704.txt;47.162494;19.5033041
E131.19970508568806.txt;58.595272;25.0136071
E132.19970119317684.txt;20.593684;78.96288
E131.19970408494932.txt;39.399872;-8.224454
E131.19961104164533.txt;55.378051;-3.435973
E131.19970226404013.txt;47.162494;19.5033041
E131.19970715728786.txt;6.42375;-66.58973
E132.19970113304173.txt;55.378051;-3.435973
E131.19961227278821.txt;36.204824;138.252924
E131.19970617666186.txt;8.619543;0.824782
E131.19970604636642.txt;23.634501;-102.552784
E131.19970512575898.txt;-40.900557;174.885971
E132.1996082615527.txt;56.26392;9.501785
E132.19970613660803.txt;37.09024;-95.712891
E132.19970318451437.txt;-25.274398;133.775136
E131.19970317448209.txt;37.09024;-95.712891
E132.19961014115355.txt;55.378051;-3.435973
E131.19970817804786.txt;37.09024;-95.712891
E131.19970515585079.txt;37.09024;-95.712891
E132.19961113186982.txt;37.09024;-95.712891
E132.19970811790858.txt;55.378051;-3.435973
E131.1996083024193.txt;-1.831239;-78.183406
E131.19970417517101.txt;-14.235004;-51.92528
E132.1996090534265.txt;48.379433;31.1655799
E132.19970619674245.txt;60.128161;18.643501
E132.19970815802238.txt;-25.274398;133.775136
E132.19970714726639.txt;41.87194;12.56738
E131.19970115309966.txt;39.399872;-8.224454
E131.19970723748294.txt;37.09024;-95.712891
E132.19970311432954.txt;61.52401;105.318756
E132.19970409496069.txt;47.162494;19.5033041
E131.19970221395169.txt;41.87194;12.56738
E132.1996100393515.txt;46.151241;14.995463
E131.19970407490802.txt;48.019573;66.923684
E132.19970218386616.txt;61.92411;25.7481511
E131.19961101159482.txt;50.8420034;4.382409
E131.19961101159482.txt;47.162494;19.5033041
E131.1996093084833.txt;45.943161;24.96676
E132.19970113302664.txt;61.52401;105.318756
E131.19970811792167.txt;55.378051;-3.435973
E131.19970716731329.txt;37.09024;-95.712891
E131.19970617666518.txt;23.634501;-102.552784
E131.1996090431487.txt;56.130366;-106.346771
E132.1996090329324.txt;45.1;15.2000001
E131.19970728759131.txt;-30.559482;22.937506
E131.19970731770047.txt;37.09024;-95.712891
E131.19961114189695.txt;37.09024;-95.712891
E132.19961113187872.txt;50.503887;4.469936
E131.19970724755289.txt;51.165691;10.451526
E131.19970212372811.txt;39.399872;-8.224454
E131.19970311432940.txt;48.669026;19.699024
E131.1996091249921.txt;53.1423672;-7.6920536
E131.19970302413418.txt;4.570868;-74.297333
E132.19961115193972.txt;53.1423672;-7.6920536
E131.19970227408565.txt;49.815273;6.129583
E132.19970804777613.txt;52.132633;5.291266
E132.1996082923300.txt;35.907757;127.766922
E132.19970606642648.txt;-30.559482;22.937506
E131.19970730768123.txt;60.128161;18.643501
E132.19970108293767.txt;37.09024;-95.712891
E131.19970731768931.txt;61.52401;105.318756
E132.19961118198763.txt;61.92411;25.7481511
E131.19970620675779.txt;48.379433;31.1655799
E131.19970731771344.txt;35.907757;127.766922
E132.19970530626405.txt;45.943161;24.96676
E131.19970114307117.txt;37.09024;-95.712891
E131.19961029152092.txt;36.204824;138.252924
E132.19961118198743.txt;41.87194;12.56738
E131.19970526614471.txt;41.87194;12.56738
E131.19970723751598.txt;51.165691;10.451526
E131.19970528621215.txt;45.943161;24.96676
E131.19970528621215.txt;55.378051;-3.435973
E132.19970425538823.txt;42.733883;25.48583
E131.19961030155405.txt;35.907757;127.766922
E131.1996091146928.txt;37.09024;-95.712891
E131.19961015116668.txt;61.52401;105.318756
E131.19970228412601.txt;46.227638;2.213749
E131.19970228412601.txt;51.165691;10.451526
E131.19970228412601.txt;55.378051;-3.435973
E131.19961014114179.txt;-40.900557;174.885971
E132.19970616663212.txt;43.915886;17.679076
E131.19970323462269.txt;37.09024;-95.712891
E132.19961124213244.txt;20.593684;78.96288
E131.19961212251820.txt;48.669026;19.699024
E131.19961120203679.txt;37.09024;-95.712891
E132.19970610649342.txt;-30.559482;22.937506
E132.19970228410123.txt;45.943161;24.96676
E131.19970326469094.txt;23.634501;-102.552784
E131.19961119199572.txt;40.069099;45.038189
E131.19961119199572.txt;61.52401;105.318756
E131.19961203231071.txt;-25.274398;133.775136
E131.19961203231071.txt;12.879721;121.774017
E131.19970204355610.txt;-25.274398;133.775136
E132.19961211248853.txt;47.162494;19.5033041
E131.19970708714041.txt;56.130366;-106.346771
E131.19970708714041.txt;55.378051;-3.435973
E131.1996100393557.txt;9.748917;-83.753428
E132.19970103285355.txt;-35.675147;-71.542969
E132.19970805779855.txt;56.130366;-106.346771
E132.19970113304162.txt;55.378051;-3.435973
E132.19970729764263.txt;39.399872;-8.224454
E132.19970306423768.txt;45.1;15.2000001
E131.19970120318476.txt;48.379433;31.1655799
E131.19970512577987.txt;55.378051;-3.435973
E131.19970115309203.txt;39.399872;-8.224454
E131.19970601629483.txt;23.634501;-102.552784
E131.19970601629483.txt;46.818188;8.227512
E132.19970324464145.txt;31.791702;-7.09262
E132.19970512576935.txt;55.378051;-3.435973
E131.19970320457164.txt;55.378051;-3.435973
E132.19961018128359.txt;51.165691;10.451526
E131.19970406490013.txt;20.593684;78.96288
E131.19970406489786.txt;-40.900557;174.885971
E131.19970513578735.txt;51.919438;19.145136
E131.19970213376737.txt;40.463667;-3.74922
E131.19970528621597.txt;40.463667;-3.74922
E131.19970128337345.txt;42.733883;25.48583
E132.19970514583842.txt;37.09024;-95.712891
E132.19961211249819.txt;30.375321;69.345116
E132.19970528622313.txt;36.204824;138.252924
E132.19961105166160.txt;45.1;15.2000001
E131.19970610649163.txt;42.733883;25.48583
E131.19970417517578.txt;37.09024;-95.712891
E131.19970416512655.txt;55.378051;-3.435973
E131.19970606642263.txt;37.09024;-95.712891
E132.1996100292581.txt;35.907757;127.766922
E132.19970706709534.txt;20.593684;78.96288
E132.19961111180697.txt;28.033886;1.659626
E131.19961219268219.txt;56.26392;9.501785
E131.19961219268219.txt;48.8622553;2.3114357
E131.19970324464343.txt;51.165691;10.451526
E131.19970106288497.txt;23.634501;-102.552784
E131.19970207364914.txt;52.132633;5.291266
E132.19961205236549.txt;-30.559482;22.937506
E131.19970326469153.txt;-14.235004;-51.92528
E132.19970610650919.txt;31.791702;-7.09262
E131.19961120202575.txt;-14.235004;-51.92528
E132.19970815803385.txt;53.1423672;-7.6920536
E132.1996100189903.txt;40.463667;-3.74922
E132.1996091963924.txt;42.733883;25.48583
E132.1996100189679.txt;15.870032;100.992541
E131.19970423531510.txt;-30.559482;22.937506
E131.1996091043403.txt;7.946527;-1.023194
E131.19970113304114.txt;50.503887;4.469936
E131.19970113304114.txt;50.8420034;4.382409
E132.19970711723336.txt;37.09024;-95.712891
E131.19961023138268.txt;41.87194;12.56738
E132.19961010109486.txt;39.074208;21.824312
E131.19970408495550.txt;40.463667;-3.74922
E132.19961121205961.txt;42.733883;25.48583
E131.1996090941883.txt;37.09024;-95.712891
E132.19961211250171.txt;56.130366;-106.346771
E131.19970605641905.txt;12.879721;121.774017
E131.19961203232673.txt;-25.274398;133.775136
E132.19970314443382.txt;37.09024;-95.712891
E131.19961010109580.txt;55.378051;-3.435973
E131.19970203350554.txt;47.162494;19.5033041
E131.19970130345420.txt;22.396428;114.109497
E131.19970130345420.txt;37.09024;-95.712891
E131.19970415511446.txt;61.52401;105.318756
E131.19970415511446.txt;55.378051;-3.435973
E131.19970203351188.txt;38.963745;35.243322
E131.19970206360031.txt;48.019573;66.923684
E131.19961224274519.txt;51.919438;19.145136
E131.1996091249265.txt;-40.900557;174.885971
E132.19970808788933.txt;51.165691;10.451526
E132.1996090638663.txt;-25.274398;133.775136
E131.19970210366830.txt;15.783471;-90.230759
E131.19970127335974.txt;51.165691;10.451526
E131.19970124332536.txt;23.69781;120.960515
E132.19961108177231.txt;52.132633;5.291266
E132.19970116313936.txt;46.818188;8.227512
E131.19970702702772.txt;55.378051;-3.435973
E131.19970303414587.txt;-1.831239;-78.183406
E131.19970603633426.txt;42.733883;25.48583
E132.19961126219094.txt;60.128161;18.643501
E131.19970423532590.txt;46.227638;2.213749
E131.19970423532590.txt;51.165691;10.451526
E131.19970423532590.txt;41.87194;12.56738
E131.19970423532590.txt;36.204824;138.252924
E131.19970423532590.txt;55.378051;-3.435973
E131.19970423532590.txt;37.09024;-95.712891
E132.19970813798237.txt;51.165691;10.451526
E132.1996091655495.txt;51.919438;19.145136
E131.19970320456695.txt;41.87194;12.56738
E131.19970620677158.txt;40.463667;-3.74922
E132.19970214379503.txt;37.09024;-95.712891
E131.19970313439168.txt;61.52401;105.318756
E131.19961217262989.txt;60.128161;18.643501
E131.19961030154082.txt;37.09024;-95.712891
E131.19961024141726.txt;51.165691;10.451526
E132.1996100496243.txt;48.379433;31.1655799
E131.19970131348946.txt;23.634501;-102.552784
E132.19961007101424.txt;47.516231;14.550072
E131.19970301413015.txt;37.09024;-95.712891
E131.19970708714143.txt;55.378051;-3.435973
E131.19961011110393.txt;7.946527;-1.023194
E131.19970415511987.txt;50.8420034;4.382409
E131.19961217261694.txt;60.128161;18.643501
E131.1996091248994.txt;42.733883;25.48583
E131.19961031156257.txt;-13.133897;27.849332
E131.19970319454083.txt;37.09024;-95.712891
E132.19970506562539.txt;47.162494;19.5033041
E131.19970731769555.txt;37.09024;-95.712891
E132.19970311434084.txt;30.375321;69.345116
E132.19970411503702.txt;37.09024;-95.712891
E131.19970115308838.txt;37.09024;-95.712891
E132.19961111180598.txt;55.378051;-3.435973
E131.19961021131586.txt;47.516231;14.550072
E132.19961028147286.txt;45.943161;24.96676
E131.19970224397892.txt;35.86166;104.195397
E132.19970602632239.txt;15.870032;100.992541
E131.19961010108129.txt;46.862496;103.846656
E131.19970205356885.txt;52.09381;4.283494
E132.1996091248162.txt;37.09024;-95.712891
E131.19970801772221.txt;6.42375;-66.58973
E131.19970214379798.txt;39.399872;-8.224454
E132.19970207364089.txt;55.378051;-3.435973
E131.19961206239720.txt;58.595272;25.0136071
E131.19961205238541.txt;60.472024;8.468946
E132.19970513581302.txt;41.87194;12.56738
E131.19970317447319.txt;37.09024;-95.712891
E131.19961115191505.txt;37.09024;-95.712891
E132.1996091966090.txt;41.87194;12.56738
E132.199608215976.txt;53.709807;27.953389
E131.1996092473643.txt;51.165691;10.451526
E131.1996090637331.txt;33.886917;9.537499
E131.1996090941109.txt;13.794185;-88.89653
E131.19970624683555.txt;41.87194;12.56738
E131.19970812794768.txt;55.378051;-3.435973
E131.19970112301797.txt;37.09024;-95.712891
E132.19970603635668.txt;40.463667;-3.74922
E131.19961211248913.txt;47.162494;19.5033041
E131.19970513578480.txt;55.378051;-3.435973
E132.1996091250279.txt;37.09024;-95.712891
E131.19961014115798.txt;55.378051;-3.435973
E131.19970404488993.txt;12.879721;121.774017
E131.19961121207804.txt;46.818188;8.227512
E132.19970205356800.txt;45.1;15.2000001
E131.19970604638443.txt;-25.274398;133.775136
E131.19970217382711.txt;33.854721;35.862285
E132.19970316445911.txt;20.593684;78.96288
E132.19961211249525.txt;37.09024;-95.712891
E131.19961009106164.txt;33.886917;9.537499
E131.1996092066562.txt;47.162494;19.5033041
E131.19970403485669.txt;31.046051;34.851612
E131.19970120318415.txt;53.709807;27.953389
E131.1996090227523.txt;7.873054;80.771797
E131.19970521602324.txt;41.87194;12.56738
E131.19961022134127.txt;41.87194;12.56738
E131.19961209242959.txt;55.378051;-3.435973
E132.19970422527641.txt;48.669026;19.699024
E131.19970815802110.txt;61.52401;105.318756
E132.19961121207927.txt;39.399872;-8.224454
E131.19970401477986.txt;37.09024;-95.712891
E131.19970225402283.txt;51.165691;10.451526
E132.19970509573838.txt;36.204824;138.252924
E132.19961211248939.txt;45.943161;24.96676
E131.1996091146097.txt;23.634501;-102.552784
E132.1996090330325.txt;31.791702;-7.09262
E131.19970716732819.txt;37.09024;-95.712891
E132.19961211250545.txt;37.09024;-95.712891
E132.19961119199555.txt;51.919438;19.145136
E131.19970513578765.txt;48.669026;19.699024
E131.19970124332010.txt;51.165691;10.451526
E132.19970813795721.txt;37.09024;-95.712891
E131.19970414505767.txt;47.162494;19.5033041
E131.19970414505767.txt;55.378051;-3.435973
E132.19970813798265.txt;41.87194;12.56738
E131.19961213256433.txt;35.907757;127.766922
E132.19970613660814.txt;37.09024;-95.712891
E131.19961213255982.txt;37.09024;-95.712891
E131.19970528619797.txt;47.162494;19.5033041
E132.19970526613584.txt;42.733883;25.48583
E131.19961201227166.txt;23.634501;-102.552784
E131.19970110298863.txt;47.162494;19.5033041
E132.19970416515571.txt;41.87194;12.56738
E131.19970814800596.txt;37.09024;-95.712891
E132.19961215257406.txt;61.52401;105.318756
E132.19970327473406.txt;39.399872;-8.224454
E131.19961216260158.txt;-25.274398;133.775136
E132.19970507568216.txt;52.132633;5.291266
E131.19970707711362.txt;38.963745;35.243322
E132.19970210368352.txt;36.204824;138.252924
E131.19961225276166.txt;31.791702;-7.09262
E132.19970603633422.txt;47.162494;19.5033041
E131.19961030153161.txt;61.52401;105.318756
E132.1996100698840.txt;20.593684;78.96288
E131.19970306422876.txt;37.09024;-95.712891
E131.19970123328944.txt;40.463667;-3.74922
E131.19961010109035.txt;55.378051;-3.435973
E131.19970319454227.txt;41.87194;12.56738
E132.1996090638501.txt;39.074208;21.824312
E132.19970107292606.txt;47.516231;14.550072
E131.19970214380366.txt;50.503887;4.469936
E131.1996091863126.txt;35.907757;127.766922
E131.19970812793791.txt;-25.274398;133.775136
E132.19970813798284.txt;51.165691;10.451526
E131.1996091148097.txt;60.128161;18.643501
E131.1996091043545.txt;48.669026;19.699024
E131.19961114189567.txt;41.87194;12.56738
E132.19961104165218.txt;38.963745;35.243322
E131.19970423532922.txt;55.378051;-3.435973
E132.1996092371309.txt;60.128161;18.643501
E132.19970717735450.txt;53.709807;27.953389
E132.19961127221314.txt;46.227638;2.213749
E131.19961211250522.txt;41.87194;12.56738
E132.1996091248249.txt;37.09024;-95.712891
E131.19970722747609.txt;35.86166;104.195397
E132.19970716732000.txt;51.919438;19.145136
E131.19970521602333.txt;41.87194;12.56738
E132.1996082614237.txt;42.733883;25.48583
E131.19970606644946.txt;52.132633;5.291266
E131.19970311432929.txt;48.669026;19.699024
E131.19970314443373.txt;37.09024;-95.712891
E131.19970217381980.txt;47.162494;19.5033041
E131.199608216535.txt;41.87194;12.56738
E131.19970404488859.txt;12.879721;121.774017
E131.199608229091.txt;-19.015438;29.154857
E132.19970521601245.txt;56.879635;24.603189
E131.19970221394478.txt;41.87194;12.56738
E131.19970115310599.txt;40.463667;-3.74922
E131.19970721744033.txt;47.516231;14.550072
E132.19970715731099.txt;51.165691;10.451526
E131.19961011111150.txt;40.463667;-3.74922
E131.19970814800388.txt;31.046051;34.851612
E132.19970630697364.txt;39.399872;-8.224454
E131.19961115194119.txt;61.92411;25.7481511
E131.19970327473870.txt;50.503887;4.469936
E131.19961021130115.txt;1.373333;32.290275
E131.19970617667342.txt;37.09024;-95.712891
E132.1996091043949.txt;37.09024;-95.712891
E131.19970108293443.txt;-14.235004;-51.92528
E131.19961105167891.txt;-25.274398;133.775136
E132.19961229279644.txt;20.593684;78.96288
E132.19970714727070.txt;55.378051;-3.435973
E131.19961106170548.txt;55.378051;-3.435973
E132.19970729764753.txt;36.204824;138.252924
E132.19961025145461.txt;60.128161;18.643501
E131.19961129225778.txt;50.8420034;4.382409
E131.19970413505555.txt;-0.789275;113.921327
E131.19970413505555.txt;37.09024;-95.712891
E132.19961127220060.txt;-40.900557;174.885971
E132.19961113185318.txt;37.09024;-95.712891
E131.19961010109032.txt;55.378051;-3.435973
E132.19970325465872.txt;48.669026;19.699024
E131.19970428544065.txt;37.09024;-95.712891
E131.1996082312497.txt;52.132633;5.291266
E132.19970210367575.txt;55.378051;-3.435973
E131.19970422529505.txt;39.399872;-8.224454
E132.19970109297117.txt;37.09024;-95.712891
E131.19970130343978.txt;37.09024;-95.712891
E132.19970213375040.txt;-30.559482;22.937506
E131.19970708712725.txt;49.817492;15.472962
E131.19970501554923.txt;15.870032;100.992541
E131.19970704708679.txt;41.87194;12.56738
E131.19970701698859.txt;15.870032;100.992541
E131.19970519593855.txt;37.09024;-95.712891
E132.19970515588080.txt;-25.274398;133.775136
E131.19970708714543.txt;49.817492;15.472962
E131.19961127221663.txt;35.86166;104.195397
E131.19970319452749.txt;41.20438;74.766098
E131.19961105167091.txt;20.593684;78.96288
E131.19970728760827.txt;31.046051;34.851612
E132.19970812793603.txt;47.162494;19.5033041
E131.19961205238888.txt;12.879721;121.774017
E131.19961217260690.txt;-30.559482;22.937506
E131.19970417519368.txt;61.92411;25.7481511
E132.19970526613771.txt;-40.900557;174.885971
E132.19970325468081.txt;56.26392;9.501785
E131.19970514583945.txt;40.463667;-3.74922
E132.19970117316522.txt;61.92411;25.7481511
E131.19970611652823.txt;61.52401;105.318756
E131.19961121207156.txt;41.87194;12.56738
E131.19970710720978.txt;-40.900557;174.885971
E131.19970226403201.txt;37.09024;-95.712891
E132.19970424536235.txt;56.26392;9.501785
E131.19961203232902.txt;15.870032;100.992541
E132.19970401480366.txt;15.870032;100.992541
E132.19970710721321.txt;60.472024;8.468946
E132.19970310432050.txt;52.132633;5.291266
E131.19970812793596.txt;48.669026;19.699024
E131.19970508569211.txt;23.634501;-102.552784
E131.19970319453914.txt;55.378051;-3.435973
E131.19970130345460.txt;35.907757;127.766922
E131.19970102284775.txt;15.870032;100.992541
E131.1996100189688.txt;15.870032;100.992541
E131.1996100394323.txt;7.873054;80.771797
E131.19970312436041.txt;51.919438;19.145136
E132.1996090536453.txt;39.074208;21.824312
E131.19970121320731.txt;37.09024;-95.712891
E131.19970214379391.txt;55.378051;-3.435973
E131.19970117315821.txt;52.132633;5.291266
E131.19970618669766.txt;6.42375;-66.58973
E131.19970129342153.txt;46.818188;8.227512
E131.1996100188138.txt;-9.189967;-75.015152
E132.19970813796254.txt;49.817492;15.472962
E132.19961220271412.txt;60.128161;18.643501
E131.19970819808264.txt;53.709807;27.953389
E132.19961205236695.txt;48.379433;31.1655799
E132.19970619674626.txt;35.86166;104.195397
E132.19970314444672.txt;51.165691;10.451526
E131.19970307427114.txt;50.8420034;4.382409
E131.19970307427114.txt;39.074208;21.824312
E131.19970307427114.txt;41.87194;12.56738
E131.19970307427114.txt;39.399872;-8.224454
E131.19970307427114.txt;40.463667;-3.74922
E131.19961122209347.txt;37.09024;-95.712891
E131.19961122209347.txt;6.42375;-66.58973
E131.19961016119612.txt;-19.015438;29.154857
E131.19970303414737.txt;15.870032;100.992541
E131.19970402481472.txt;-40.900557;174.885971
E131.19970417518215.txt;55.378051;-3.435973
E132.19961115193928.txt;51.165691;10.451526
E132.19961218265940.txt;41.87194;12.56738
E131.19961031158160.txt;50.8420034;4.382409
E132.19970414508464.txt;51.165691;10.451526
E131.19970130343818.txt;-25.274398;133.775136
E132.19970813797493.txt;37.09024;-95.712891
E132.19970409497105.txt;37.09024;-95.712891
E131.19970410501075.txt;41.87194;12.56738
E131.19961024141660.txt;51.165691;10.451526
E131.199608229149.txt;52.09381;4.283494
E131.19961008101761.txt;61.52401;105.318756
E131.19961008101761.txt;37.09024;-95.712891
E131.19970226405875.txt;41.87194;12.56738
E132.19961111181560.txt;52.132633;5.291266
E131.19970723751082.txt;-25.274398;133.775136
E131.19961101160912.txt;50.8420034;4.382409
E131.19961101160912.txt;47.162494;19.5033041
E132.19970608645731.txt;36.204824;138.252924
E132.19970428545534.txt;56.26392;9.501785
E131.1996083024325.txt;37.09024;-95.712891
E131.1996083024325.txt;40.7127753;-74.0059728
E131.1996092370404.txt;22.396428;114.109497
E131.19970108294737.txt;39.074208;21.824312
E132.19970113304672.txt;55.378051;-3.435973
E131.19970405489411.txt;41.87194;12.56738
E131.19970319454375.txt;53.1423672;-7.6920536
E131.19970213374855.txt;55.378051;-3.435973
E131.19970604638135.txt;41.87194;12.56738
E132.19961206241470.txt;47.516231;14.550072
E132.19961112184748.txt;51.165691;10.451526
E131.19970423533604.txt;-25.274398;133.775136
E132.19970812794742.txt;37.09024;-95.712891
E131.19970521603284.txt;36.204824;138.252924
E131.19970521603284.txt;37.09024;-95.712891
E131.19961202227622.txt;37.09024;-95.712891
E132.19970107290582.txt;-30.559482;22.937506
E131.19970629694850.txt;-14.235004;-51.92528
E131.19961015116694.txt;61.52401;105.318756
E131.19970513579655.txt;39.399872;-8.224454
E132.19970403484187.txt;45.1;15.2000001
E132.19970312437845.txt;-25.274398;133.775136
E131.19970223396694.txt;1.352083;103.819836
E131.19961008103741.txt;45.943161;24.96676
E131.19961008103741.txt;55.378051;-3.435973
E132.19970425538397.txt;56.879635;24.603189
E131.19961108176775.txt;1.352083;103.819836
E132.19970519596763.txt;61.92411;25.7481511
E131.19961220271397.txt;46.227638;2.213749
E131.19970602630665.txt;15.870032;100.992541
E131.19970505561268.txt;23.69781;120.960515
E131.19970515587883.txt;61.92411;25.7481511
E131.1996091249324.txt;14.058324;108.277199
E131.19970402482794.txt;39.399872;-8.224454
E131.19970402482794.txt;55.378051;-3.435973
E132.19970307427779.txt;51.165691;10.451526
E131.19970513578449.txt;49.817492;15.472962
E131.19970202349712.txt;-6.369028;34.888822
E131.1996090941801.txt;35.126413;33.429859
E131.19970203352552.txt;-25.274398;133.775136
E131.19970319453828.txt;37.09024;-95.712891
E131.19961020129018.txt;49.817492;15.472962
E131.19970226405097.txt;55.378051;-3.435973
E131.19970603633551.txt;15.783471;-90.230759
E132.19970102284686.txt;-25.274398;133.775136
E131.19970408493474.txt;49.817492;15.472962
E131.19970618671620.txt;39.399872;-8.224454
E131.19970404487036.txt;37.09024;-95.712891
E131.19970108293445.txt;15.783471;-90.230759
E131.1996090329437.txt;-35.675147;-71.542969
E132.19970219389648.txt;36.204824;138.252924
E132.19961216258415.txt;51.919438;19.145136
E131.19970707709888.txt;50.8420034;4.382409
E131.19970707709888.txt;55.378051;-3.435973
E131.19970529623326.txt;48.019573;66.923684
E131.19961016119872.txt;-19.015438;29.154857
E131.19970114304790.txt;37.09024;-95.712891
E132.19970324463092.txt;43.915886;17.679076
E132.19970117316524.txt;61.92411;25.7481511
E131.1996092677723.txt;37.09024;-95.712891
E132.1996100495833.txt;37.09024;-95.712891
E131.19970128337570.txt;-14.235004;-51.92528
E131.19970528620801.txt;41.87194;12.56738
E131.19970613660707.txt;50.8420034;4.382409
E131.19970613660707.txt;40.463667;-3.74922
E132.19970618671735.txt;61.92411;25.7481511
E131.19961116194931.txt;41.87194;12.56738
E131.19961101159849.txt;6.42375;-66.58973
E131.19961203231130.txt;15.870032;100.992541
E132.1996091657330.txt;51.165691;10.451526
E132.19970311433966.txt;39.074208;21.824312
E131.1996092473347.txt;55.378051;-3.435973
E131.19961021132235.txt;47.516231;14.550072
E132.19961011111798.txt;53.1423672;-7.6920536
E131.19970807785103.txt;37.09024;-95.712891
E131.19961010109034.txt;55.378051;-3.435973
E131.19970508570679.txt;53.1423672;-7.6920536
E131.19961205238655.txt;-40.900557;174.885971
E132.19970709715919.txt;48.379433;31.1655799
E131.19970115308449.txt;47.411631;28.369885
E132.19961211248451.txt;37.09024;-95.712891
E131.19961114188025.txt;37.09024;-95.712891
E132.19970718740875.txt;61.92411;25.7481511
E131.19961028148841.txt;-0.789275;113.921327
E131.19970219389768.txt;51.165691;10.451526
E131.19970110300499.txt;-25.274398;133.775136
E131.19961023138413.txt;-25.274398;133.775136
E131.19970722747275.txt;51.165691;10.451526
E132.19970414508092.txt;-25.274398;133.775136
E131.19961210247648.txt;-40.900557;174.885971
E131.19970309429079.txt;47.162494;19.5033041
E132.1996091966070.txt;41.87194;12.56738
E131.19961210248125.txt;51.165691;10.451526
E131.19970113302785.txt;-14.235004;-51.92528
E132.19961106169179.txt;-30.559482;22.937506
E131.19961015116667.txt;51.919438;19.145136
E131.19970213376465.txt;55.378051;-3.435973
E132.19970403484167.txt;46.151241;14.995463
E131.19970303415798.txt;50.8420034;4.382409
E131.19970303415798.txt;51.165691;10.451526
E131.19970124332118.txt;51.165691;10.451526
E131.19970525612994.txt;37.09024;-95.712891
E131.19961223273135.txt;1.352083;103.819836
E132.19970103285151.txt;-30.559482;22.937506
E132.1996090941784.txt;55.378051;-3.435973
E132.19970228410218.txt;4.570868;-74.297333
E132.19961024140029.txt;42.733883;25.48583
E131.19970514582191.txt;61.52401;105.318756
E131.19970714727276.txt;39.399872;-8.224454
E132.199608204916.txt;41.87194;12.56738
E131.19961007101128.txt;12.879721;121.774017
E132.19961014115352.txt;55.378051;-3.435973
E131.19970818807566.txt;45.943161;24.96676
E131.19970422529442.txt;41.87194;12.56738
E131.19970625685719.txt;40.069099;45.038189
E131.19970513579733.txt;39.399872;-8.224454
E131.19970123329693.txt;30.375321;69.345116
E131.19970813797722.txt;51.165691;10.451526
E132.19970130343889.txt;4.210484;101.975766
E131.19970619672706.txt;-14.235004;-51.92528
E131.19970527616494.txt;8.537981;-80.782127
E131.19970214378155.txt;51.919438;19.145136
E131.19970318451680.txt;35.86166;104.195397
E131.19970715728565.txt;51.919438;19.145136
E131.19970425540215.txt;38.963745;35.243322
E131.19970515587125.txt;37.09024;-95.712891
E131.19970708712377.txt;37.09024;-95.712891
E131.19970110298873.txt;47.162494;19.5033041
E131.19970214380397.txt;39.074208;21.824312
E131.19970805780530.txt;23.69781;120.960515
E131.1996082920891.txt;50.8420034;4.382409
E131.1996082920891.txt;52.132633;5.291266
E131.19970417519344.txt;40.463667;-3.74922
E132.19970223396926.txt;20.593684;78.96288
E132.19970709717622.txt;56.26392;9.501785
E131.19970415508999.txt;42.733883;25.48583
E131.19970320457662.txt;51.165691;10.451526
E131.19970804775283.txt;48.379433;31.1655799
E131.19970415511541.txt;-40.900557;174.885971
E132.19970806783780.txt;47.516231;14.550072
E132.1996091248236.txt;37.09024;-95.712891
E131.19970112301931.txt;30.375321;69.345116
E131.19970707710209.txt;55.169438;23.881275
E131.19970708712898.txt;49.817492;15.472962
E132.19970403486480.txt;40.463667;-3.74922
E131.19970605641441.txt;39.074208;21.824312
E132.19970506564919.txt;46.227638;2.213749
E132.19961208242507.txt;20.593684;78.96288
E131.19970502555572.txt;49.817492;15.472962
E132.19961122210821.txt;51.165691;10.451526
E132.19961113184830.txt;37.09024;-95.712891
E131.19961112183481.txt;48.8622553;2.3114357
E131.19961112183481.txt;37.09024;-95.712891
E131.1996090941515.txt;37.09024;-95.712891
E131.19961105166404.txt;-25.274398;133.775136
E131.19970625685279.txt;-30.559482;22.937506
E131.1996093084859.txt;46.151241;14.995463
E131.19970213375885.txt;50.503887;4.469936
E131.19970213375885.txt;50.8420034;4.382409
E131.19970414506060.txt;61.52401;105.318756
E132.19970702701338.txt;55.378051;-3.435973
E132.19961105166007.txt;-30.559482;22.937506
E132.19970613660680.txt;41.87194;12.56738
E131.19970306423789.txt;61.52401;105.318756
E131.19961105167626.txt;56.26392;9.501785
E132.1996092472581.txt;45.943161;24.96676
E131.19970301413127.txt;20.593684;78.96288
E132.19970813797489.txt;37.09024;-95.712891
E131.19970606644249.txt;52.132633;5.291266
E131.1996091248986.txt;51.919438;19.145136
E132.19970812793450.txt;-30.559482;22.937506
E131.19961114189913.txt;55.378051;-3.435973
E131.19970404488832.txt;12.879721;121.774017
E131.19970805779268.txt;38.963745;35.243322
E131.19970805779268.txt;37.09024;-95.712891
E131.19961018128390.txt;37.09024;-95.712891
E132.19970711723123.txt;55.378051;-3.435973
E131.19970625685278.txt;-30.559482;22.937506
E131.19961120202877.txt;-40.900557;174.885971
E131.19961025145029.txt;4.210484;101.975766
E131.19970310431423.txt;37.7821587;-122.4004835
E131.19970310431423.txt;46.818188;8.227512
E131.19970610649548.txt;42.733883;25.48583
E132.19961113184833.txt;37.09024;-95.712891
E131.199608229799.txt;41.87194;12.56738
E131.19970108295268.txt;41.87194;12.56738
E131.19970528622363.txt;40.463667;-3.74922
E131.1996100290864.txt;-38.416097;-63.616672
E132.19970814800831.txt;61.92411;25.7481511
E131.19970813798098.txt;-0.789275;113.921327
E131.19961022134307.txt;56.130366;-106.346771
E131.19970114306027.txt;37.09024;-95.712891
E131.19961014114184.txt;-40.900557;174.885971
E131.19961119199664.txt;-14.235004;-51.92528
E131.19970410499599.txt;-14.235004;-51.92528
E131.1996090536202.txt;33.886917;9.537499
E131.19970611652731.txt;61.52401;105.318756
E131.19970515587326.txt;55.378051;-3.435973
E131.19970415510989.txt;31.046051;34.851612
E132.19961125215053.txt;31.791702;-7.09262
E132.19970415511982.txt;46.818188;8.227512
E132.19970710718987.txt;52.09381;4.283494
E131.19961018127489.txt;55.378051;-3.435973
E131.19961219266171.txt;37.09024;-95.712891
E131.19970604638422.txt;-25.274398;133.775136
E131.19970429546443.txt;46.151241;14.995463
E132.19961105165755.txt;-30.559482;22.937506
E131.19961025145445.txt;41.87194;12.56738
E131.19970812793335.txt;55.378051;-3.435973
E132.19970714727332.txt;55.378051;-3.435973
E131.19970715730698.txt;-40.900557;174.885971
E131.1996090536022.txt;41.87194;12.56738
E131.19961016119885.txt;-19.015438;29.154857
E132.19970528621300.txt;56.130366;-106.346771
E131.19970509571566.txt;7.539989;-5.54708
E131.19970312437008.txt;60.128161;18.643501
E131.19970515585910.txt;51.919438;19.145136
E131.19961008102253.txt;49.817492;15.472962
E131.19970110300234.txt;39.399872;-8.224454
E131.19970312438275.txt;60.128161;18.643501
E131.1996090534929.txt;12.879721;121.774017
E131.19970630695980.txt;-14.235004;-51.92528
E131.19970129342394.txt;-25.274398;133.775136
E131.19970418521394.txt;55.378051;-3.435973
E131.19970506564245.txt;60.128161;18.643501
E132.19961011111411.txt;37.09024;-95.712891
E132.19970813795601.txt;37.09024;-95.712891
E132.1996082921383.txt;45.943161;24.96676
E132.19970404487147.txt;-30.559482;22.937506
E131.19961111179900.txt;56.879635;24.603189
E131.1996100292221.txt;51.165691;10.451526
E132.19970110299894.txt;55.378051;-3.435973
E132.19970114306192.txt;41.87194;12.56738
E131.19961021131008.txt;41.87194;12.56738
E131.19970205359009.txt;12.879721;121.774017
E131.19961027146034.txt;55.378051;-3.435973
E131.19961125215242.txt;51.165691;10.451526
E132.19970414507542.txt;55.378051;-3.435973
E132.1996082819872.txt;56.130366;-106.346771
E131.19961024141795.txt;56.26392;9.501785
E132.19961115194122.txt;46.818188;8.227512
E131.19970411503910.txt;40.463667;-3.74922
E131.19970512575602.txt;47.162494;19.5033041
E132.1996090940917.txt;-30.559482;22.937506
E132.19961015118877.txt;51.165691;10.451526
E132.19970505561449.txt;40.463667;-3.74922
E131.1996092575809.txt;37.09024;-95.712891
E131.1996092575809.txt;40.7127753;-74.0059728
E131.19961106169333.txt;51.919438;19.145136
E131.19961126216267.txt;-38.416097;-63.616672
E131.19961126216267.txt;-14.235004;-51.92528
E131.19961126216267.txt;4.570868;-74.297333
E131.19961126216267.txt;23.634501;-102.552784
E131.19961126216267.txt;37.09024;-95.712891
E131.19961126216267.txt;6.42375;-66.58973
E131.19970710718752.txt;-22.328474;24.684866
E131.19970806783189.txt;47.516231;14.550072
E131.19970806783189.txt;50.503887;4.469936
E131.19970806783189.txt;56.26392;9.501785
E131.19970806783189.txt;50.8420034;4.382409
E131.19970806783189.txt;61.92411;25.7481511
E131.19970806783189.txt;46.227638;2.213749
E131.19970806783189.txt;51.165691;10.451526
E131.19970806783189.txt;39.074208;21.824312
E131.19970806783189.txt;53.1423672;-7.6920536
E131.19970806783189.txt;41.87194;12.56738
E131.19970806783189.txt;49.815273;6.129583
E131.19970806783189.txt;52.132633;5.291266
E131.19970806783189.txt;39.399872;-8.224454
E131.19970806783189.txt;40.463667;-3.74922
E131.19970806783189.txt;60.128161;18.643501
E131.19970806783189.txt;55.378051;-3.435973
E132.1996090636927.txt;-30.559482;22.937506
E131.19970120318177.txt;55.378051;-3.435973
E132.1996082718059.txt;60.128161;18.643501
E131.19970812794777.txt;55.378051;-3.435973
E131.1996091655410.txt;41.153332;20.168331
E131.19961212251872.txt;48.669026;19.699024
E131.19961010108558.txt;51.165691;10.451526
E131.19970417517176.txt;-14.235004;-51.92528
E131.19970624684583.txt;35.86166;104.195397
E132.19970321460575.txt;53.1423672;-7.6920536
E131.19961106170269.txt;56.130366;-106.346771
E131.19970110298521.txt;37.09024;-95.712891
E132.19970623681974.txt;51.165691;10.451526
E132.19970804775323.txt;47.162494;19.5033041
E132.19961113186274.txt;37.09024;-95.712891
E132.19970313438605.txt;37.09024;-95.712891
E131.19970204353958.txt;-35.675147;-71.542969
E132.19961211250273.txt;37.09024;-95.712891
E131.19970812794779.txt;51.165691;10.451526
E131.19970225402969.txt;51.165691;10.451526
E131.19970129342716.txt;50.503887;4.469936
E131.1996091759405.txt;41.87194;12.56738
E131.1996091352816.txt;-40.900557;174.885971
E131.1996091146546.txt;37.09024;-95.712891
E131.19970701700808.txt;51.165691;10.451526
E131.19970701700808.txt;41.87194;12.56738
E132.19970808787437.txt;-30.559482;22.937506
E131.19970123328634.txt;56.130366;-106.346771
E131.19970130344202.txt;37.09024;-95.712891
E131.19970606643691.txt;37.09024;-95.712891
E131.19961212253587.txt;55.378051;-3.435973
E132.19961015116670.txt;61.52401;105.318756
E131.19961023138440.txt;-25.274398;133.775136
E131.19961202228984.txt;7.873054;80.771797
E132.1996090942124.txt;55.378051;-3.435973
E132.19970815803938.txt;46.818188;8.227512
E131.19970715730820.txt;4.210484;101.975766
E131.19970309429388.txt;20.593684;78.96288
E131.19970327473891.txt;46.818188;8.227512
E131.19970819809372.txt;61.92411;25.7481511
E131.19970515587460.txt;55.378051;-3.435973
E132.19970107290682.txt;45.943161;24.96676
E131.19970707711608.txt;37.7821587;-122.4004835
E131.19970707711608.txt;46.818188;8.227512
E131.19970513580507.txt;60.128161;18.643501
E132.1996100393616.txt;-9.189967;-75.015152
E131.19970610649463.txt;48.669026;19.699024
E132.19961011111859.txt;37.09024;-95.712891
E131.19961024140030.txt;51.919438;19.145136
E131.19970121322848.txt;60.128161;18.643501
E132.19970116313927.txt;41.87194;12.56738
E131.19970527619009.txt;56.26392;9.501785
E131.19970109295856.txt;15.199999;-86.241905
E131.19961018127509.txt;38.963745;35.243322
E132.19961127220971.txt;56.130366;-106.346771
E132.19961210247419.txt;39.074208;21.824312
E131.19970408493282.txt;-6.369028;34.888822
E131.19970612658031.txt;55.378051;-3.435973
E132.19970416512960.txt;51.919438;19.145136
E131.19970801772593.txt;12.879721;121.774017
E131.19961106171054.txt;-25.274398;133.775136
E132.19970626691313.txt;60.128161;18.643501
E131.1996091963771.txt;-30.559482;22.937506
E132.19970610649466.txt;61.52401;105.318756
E132.19970729764766.txt;31.791702;-7.09262
E131.19970522608070.txt;50.8420034;4.382409
E131.19970522608070.txt;47.162494;19.5033041
E132.19970314444649.txt;50.503887;4.469936
E132.1996091352598.txt;61.52401;105.318756
E131.19970710719939.txt;20.593684;78.96288
E131.19961011111763.txt;40.463667;-3.74922
E131.19970507568063.txt;-0.789275;113.921327
E132.19961113185860.txt;61.52401;105.318756
E131.19970521604071.txt;41.87194;12.56738
E131.19961023136436.txt;51.919438;19.145136
E131.19970516591196.txt;38.963745;35.243322
E132.19970725758007.txt;56.26392;9.501785
E131.19970505559389.txt;52.09381;4.283494
E132.19970501554922.txt;15.870032;100.992541
E132.1996092068488.txt;51.165691;10.451526
E132.19961113186998.txt;37.09024;-95.712891
E131.19970128338902.txt;41.87194;12.56738
E132.19970314444802.txt;37.09024;-95.712891
E131.19970401478334.txt;47.162494;19.5033041
E131.19961013113173.txt;26.820553;30.802498
E131.19970611652637.txt;9.081999;8.675277
E132.19970319452633.txt;53.709807;27.953389
E131.1996091353698.txt;46.227638;2.213749
E132.19970721742236.txt;58.595272;25.0136071
E131.1996091655478.txt;45.943161;24.96676
E131.19970228411669.txt;52.132633;5.291266
E132.19970314443577.txt;37.09024;-95.712891
E131.19961021130238.txt;51.919438;19.145136
E132.19961025145469.txt;56.26392;9.501785
E131.19970410501794.txt;60.472024;8.468946
E131.19970305420087.txt;37.09024;-95.712891
E132.1996082614392.txt;-40.900557;174.885971
E131.19961206240492.txt;37.09024;-95.712891
E131.19970313440395.txt;37.09024;-95.712891
E132.19961011111861.txt;37.09024;-95.712891
E132.19961229279486.txt;35.907757;127.766922
E131.19970213376412.txt;55.378051;-3.435973
E131.19961011112289.txt;40.463667;-3.74922
E131.19970407491225.txt;37.09024;-95.712891
E132.19970218386591.txt;41.87194;12.56738
E131.19961219266669.txt;49.817492;15.472962
E131.19961125214619.txt;41.87194;12.56738
E131.19961208242529.txt;37.09024;-95.712891
E131.19970725756413.txt;-20.348404;57.552152
E131.19970725756413.txt;-13.133897;27.849332
E132.19970109297061.txt;37.09024;-95.712891
E131.19970107292147.txt;55.378051;-3.435973
E131.19970411502809.txt;37.09024;-95.712891
E131.1996091042746.txt;38.963745;35.243322
E132.19961010107498.txt;37.09024;-95.712891
E132.19970523612049.txt;51.165691;10.451526
E131.19970320457524.txt;39.074208;21.824312
E132.19970115310604.txt;52.132633;5.291266
E131.19970430551072.txt;49.815273;6.129583
E131.19970227408869.txt;-25.274398;133.775136
E131.19961216258579.txt;-40.900557;174.885971
E131.19970725758115.txt;7.873054;80.771797
E131.19970811791327.txt;36.204824;138.252924
E131.19970811791327.txt;15.870032;100.992541
E132.19970408493447.txt;48.379433;31.1655799
E131.1996091147643.txt;40.463667;-3.74922
E131.19970120318314.txt;-19.015438;29.154857
E131.19970703704750.txt;13.794185;-88.89653
E131.19961018127006.txt;60.472024;8.468946
E132.19961208242270.txt;36.204824;138.252924
E131.19970304419070.txt;41.87194;12.56738
E132.19970511574916.txt;20.593684;78.96288
E131.19970204353829.txt;48.379433;31.1655799
E131.19970722747488.txt;-25.274398;133.775136
E131.19970424537914.txt;51.165691;10.451526
E131.19970323462068.txt;-40.900557;174.885971
E131.1996090637344.txt;37.09024;-95.712891
E132.19961220271455.txt;51.165691;10.451526
E132.19961113185354.txt;37.09024;-95.712891
E131.1996082716765.txt;37.09024;-95.712891
E132.19970403484109.txt;47.162494;19.5033041
E132.19970108293343.txt;46.151241;14.995463
E131.19970430550279.txt;-23.442503;-58.443832
E131.19970623681256.txt;41.87194;12.56738
E132.19970319455091.txt;41.87194;12.56738
E131.19961115192307.txt;6.42375;-66.58973
E132.19970121322894.txt;39.399872;-8.224454
E131.19970527616427.txt;61.52401;105.318756
E132.19961113185353.txt;37.09024;-95.712891
E132.19970609648718.txt;52.132633;5.291266
E132.19970622679128.txt;20.593684;78.96288
E132.19970418522337.txt;36.204824;138.252924
E132.19970427542341.txt;20.593684;78.96288
E132.19961111180950.txt;55.378051;-3.435973
E132.19970214379200.txt;37.09024;-95.712891
E131.19970425541229.txt;36.204824;138.252924
E131.19970506563514.txt;60.128161;18.643501
E132.19970112301930.txt;30.375321;69.345116
E131.19961128224363.txt;41.87194;12.56738
E131.19961128222601.txt;61.52401;105.318756
E131.19970812794849.txt;55.378051;-3.435973
E131.19961111179022.txt;37.09024;-95.712891
E131.19961111179022.txt;6.42375;-66.58973
E131.19970131347159.txt;37.09024;-95.712891
E132.19970526613603.txt;48.669026;19.699024
E131.19970213375391.txt;-40.900557;174.885971
E132.19961203230873.txt;46.151241;14.995463
E131.19970221394054.txt;37.09024;-95.712891
E132.19970715728614.txt;61.52401;105.318756
E131.19970609646632.txt;51.919438;19.145136
E132.19970411503442.txt;37.09024;-95.712891
E132.19970529623407.txt;-40.900557;174.885971
E132.19970225401010.txt;-40.900557;174.885971
E131.19970115309269.txt;30.375321;69.345116
E131.19970320458293.txt;55.378051;-3.435973
E131.19970702703283.txt;40.463667;-3.74922
E131.19970225402139.txt;51.165691;10.451526
E131.19970226405036.txt;39.074208;21.824312
E132.19970411502340.txt;52.09381;4.283494
E132.19970404488943.txt;52.132633;5.291266
E132.19970512577482.txt;55.378051;-3.435973
E131.19970404488480.txt;40.463667;-3.74922
E131.19961023136472.txt;55.169438;23.881275
E132.19970526615609.txt;56.26392;9.501785
E132.19961129226333.txt;35.907757;127.766922
E131.19961216258283.txt;-13.254308;34.301525
E132.19961107172453.txt;47.162494;19.5033041
E132.19970328474226.txt;45.943161;24.96676
E132.1996092577272.txt;60.128161;18.643501
E131.19961214257030.txt;31.046051;34.851612
E132.19970815802111.txt;61.52401;105.318756
E131.1996092782905.txt;36.204824;138.252924
E131.19970604636275.txt;7.946527;-1.023194
E131.19970313439848.txt;37.09024;-95.712891
E132.19961022134455.txt;37.09024;-95.712891
E132.19970701700576.txt;15.870032;100.992541
E131.19970730768043.txt;40.463667;-3.74922
E131.19970502556858.txt;55.378051;-3.435973
E132.19970509572649.txt;20.593684;78.96288
E131.19970108293309.txt;51.919438;19.145136
E132.19970506562585.txt;45.1;15.2000001
E131.19970714725897.txt;31.046051;34.851612
E131.19970604638837.txt;41.87194;12.56738
E131.19970709717808.txt;-40.900557;174.885971
E132.19961227278879.txt;56.26392;9.501785
E131.19970703706573.txt;12.879721;121.774017
E132.19961011111458.txt;55.378051;-3.435973
E132.19970429548889.txt;35.907757;127.766922
E131.1996092473601.txt;41.87194;12.56738
E131.1996092472304.txt;37.09024;-95.712891
E131.19970505559383.txt;47.162494;19.5033041
E131.19970118316902.txt;37.09024;-95.712891
E131.1996090637084.txt;55.169438;23.881275
E131.19970106289900.txt;-0.789275;113.921327
E131.19970513578607.txt;9.145;40.489673
E131.19970530625545.txt;37.09024;-95.712891
E132.19961011111639.txt;37.09024;-95.712891
E132.19970626688458.txt;56.879635;24.603189
E131.19961212253589.txt;55.378051;-3.435973
E131.19961017124989.txt;41.87194;12.56738
E131.19970530626387.txt;46.151241;14.995463
E132.19970309429177.txt;36.204824;138.252924
E132.19970411503079.txt;37.09024;-95.712891
E132.19970525613143.txt;20.593684;78.96288
E131.19961018126268.txt;-30.559482;22.937506
E131.19970417518301.txt;55.378051;-3.435973
E131.19970313441763.txt;46.227638;2.213749
E132.19970515585813.txt;-30.559482;22.937506
E132.19970629695144.txt;20.593684;78.96288
E132.19970813798267.txt;41.87194;12.56738
E131.19970808787480.txt;38.969719;59.556278
E132.19970811792559.txt;60.472024;8.468946
E131.19961128223852.txt;-25.274398;133.775136
E131.19970226405223.txt;55.378051;-3.435973
E131.19970115308409.txt;51.919438;19.145136
E131.19970812793785.txt;-40.900557;174.885971
E132.19970423531269.txt;55.169438;23.881275
E131.1996090942231.txt;-40.900557;174.885971
E131.1996091963556.txt;-30.559482;22.937506
E132.19961218265956.txt;61.92411;25.7481511
E132.19970411502402.txt;49.817492;15.472962
E131.19970428544864.txt;32.427908;53.688046
E131.19970428544864.txt;37.09024;-95.712891
E132.19961111181543.txt;60.472024;8.468946
E132.19970127336493.txt;56.26392;9.501785
E132.19970320455501.txt;42.733883;25.48583
E132.19970310431569.txt;55.378051;-3.435973
E131.19970813797668.txt;40.463667;-3.74922
E132.19970707710398.txt;36.204824;138.252924
E131.19970701698734.txt;6.42375;-66.58973
E131.19961023137939.txt;55.378051;-3.435973
E131.19961219267505.txt;48.8622553;2.3114357
E131.19961219267505.txt;55.378051;-3.435973
E131.19961219267505.txt;37.09024;-95.712891
E131.19970128338716.txt;55.378051;-3.435973
E132.19970811790710.txt;55.378051;-3.435973
E131.19970128338980.txt;60.128161;18.643501
E131.19970307428115.txt;37.09024;-95.712891
E131.19961016120752.txt;37.09024;-95.712891
E131.19961128224294.txt;50.503887;4.469936
E132.19961012112475.txt;37.09024;-95.712891
E132.19970207364447.txt;51.165691;10.451526
E131.19970415511350.txt;51.165691;10.451526
E132.19961014115464.txt;-25.274398;133.775136
E131.19970812794781.txt;46.227638;2.213749
E131.19961023138425.txt;-25.274398;133.775136
E131.19970228412105.txt;35.907757;127.766922
E132.19970109297042.txt;37.09024;-95.712891
E131.19970812793571.txt;48.669026;19.699024
E132.19961111181431.txt;36.204824;138.252924
E131.19970115310646.txt;51.165691;10.451526
E132.19970408495493.txt;36.204824;138.252924
E131.19961008103002.txt;40.463667;-3.74922
E132.19970815802072.txt;43.915886;17.679076
E132.19961218265942.txt;41.87194;12.56738
E132.19970806783785.txt;46.227638;2.213749
E131.19970116313010.txt;55.378051;-3.435973
E131.19970711722042.txt;47.162494;19.5033041
E131.19970121323539.txt;37.09024;-95.712891
E132.19970414506061.txt;61.52401;105.318756
E132.19961111180948.txt;55.378051;-3.435973
E131.1996090638138.txt;37.09024;-95.712891
E131.19970808787569.txt;49.817492;15.472962
E131.19970424537856.txt;51.165691;10.451526
E131.19970307428071.txt;37.09024;-95.712891
E132.19970312436802.txt;37.09024;-95.712891
E131.19961105165998.txt;-13.254308;34.301525
E132.19970626690344.txt;31.791702;-7.09262
E132.19961211250240.txt;37.09024;-95.712891
E132.19961010109145.txt;56.130366;-106.346771
E132.19970526614033.txt;39.399872;-8.224454
E131.1996092473767.txt;-11.202692;17.873887
E132.1996090942400.txt;36.204824;138.252924
E131.19961010107523.txt;50.8420034;4.382409
E131.19961010107523.txt;51.165691;10.451526
E131.19961010107523.txt;55.378051;-3.435973
E132.1996082717969.txt;36.204824;138.252924
E131.19970304418508.txt;37.09024;-95.712891
E131.19970602630518.txt;4.570868;-74.297333
E132.19961011111256.txt;37.09024;-95.712891
E131.19970819808047.txt;14.497401;-14.452362
E131.19970528619850.txt;51.919438;19.145136
E131.19970218384292.txt;-22.328474;24.684866
E132.19961105168258.txt;15.870032;100.992541
E132.19961108175904.txt;52.09381;4.283494
E131.19970506563697.txt;41.87194;12.56738
E131.19970219387068.txt;37.09024;-95.712891
E132.19970311434311.txt;31.791702;-7.09262
E132.19970502555868.txt;4.570868;-74.297333
E132.19970512576266.txt;37.09024;-95.712891
E132.19970613660507.txt;37.09024;-95.712891
E132.19970528621299.txt;56.130366;-106.346771
E131.19961212253694.txt;-25.274398;133.775136
E132.19970227407170.txt;42.733883;25.48583
E131.19970725758028.txt;46.227638;2.213749
E132.19970813796948.txt;30.375321;69.345116
E131.19970106288414.txt;61.52401;105.318756
E132.19970714727378.txt;55.378051;-3.435973
E131.19970108293294.txt;45.943161;24.96676
E132.19961113185323.txt;37.09024;-95.712891
E131.1996100290983.txt;-25.274398;133.775136
E131.1996100290983.txt;37.09024;-95.712891
E131.19961023138695.txt;35.86166;104.195397
E132.19961209244649.txt;55.378051;-3.435973
E132.19961106171577.txt;47.516231;14.550072
E132.19970113303607.txt;55.378051;-3.435973
E131.19970521604143.txt;56.26392;9.501785
E131.19970121323461.txt;56.26392;9.501785
E131.19970711721989.txt;47.162494;19.5033041
E132.19970812795278.txt;41.87194;12.56738
E131.19970107292313.txt;22.396428;114.109497
E131.19961203230961.txt;-32.522779;-55.765835
E131.1996093084927.txt;-14.235004;-51.92528
E131.1996083024602.txt;20.593684;78.96288
E131.19961010109579.txt;55.378051;-3.435973
E131.19961122209014.txt;45.943161;24.96676
E131.19961213254666.txt;3.919305;-56.027783
E131.19961213254666.txt;6.42375;-66.58973
E131.19961028147978.txt;30.375321;69.345116
E132.19970130345459.txt;35.907757;127.766922
E131.19961204234715.txt;37.09024;-95.712891
E132.19961023138735.txt;31.791702;-7.09262
E132.19970114305522.txt;49.817492;15.472962
E132.19961110178734.txt;20.593684;78.96288
E132.19970701698621.txt;45.1;15.2000001
E132.19961113184834.txt;37.09024;-95.712891
E131.19961125214516.txt;37.09024;-95.712891
E131.19970616664636.txt;41.87194;12.56738
E132.19970715731078.txt;41.87194;12.56738
E132.19970418522349.txt;36.204824;138.252924
E131.19970606642854.txt;55.169438;23.881275
E132.19961209244650.txt;55.378051;-3.435973
E132.1996091249048.txt;47.162494;19.5033041
E131.19970723750826.txt;51.165691;10.451526
E131.19970415510327.txt;41.87194;12.56738
E131.19970404487867.txt;51.165691;10.451526
E132.19961125216086.txt;56.26392;9.501785
E132.1996082513362.txt;20.593684;78.96288
E132.19970514582723.txt;37.09024;-95.712891
E132.19961018128348.txt;41.87194;12.56738
E132.19961104163532.txt;-9.189967;-75.015152
E132.19970414507541.txt;55.378051;-3.435973
E131.19970416515169.txt;-40.900557;174.885971
E132.19970113304171.txt;55.378051;-3.435973
E131.19961120203503.txt;46.227638;2.213749
E131.19961120203503.txt;51.165691;10.451526
E131.19961120203503.txt;41.87194;12.56738
E131.19961120203503.txt;36.204824;138.252924
E131.19961120203503.txt;55.378051;-3.435973
E131.19961120203503.txt;37.09024;-95.712891
E131.19970624683161.txt;37.09024;-95.712891
E132.19970421526691.txt;51.165691;10.451526
E131.19970203352634.txt;15.870032;100.992541
E131.19970131349021.txt;46.818188;8.227512
E132.19970815803553.txt;-25.274398;133.775136
E132.19970603633602.txt;-35.675147;-71.542969
E131.19970409497971.txt;61.92411;25.7481511
E131.1996100799505.txt;49.817492;15.472962
E132.19970508569124.txt;52.09381;4.283494
E132.19970122326850.txt;51.165691;10.451526
E132.1996091250581.txt;37.09024;-95.712891
E131.19961009106977.txt;52.132633;5.291266
E132.19970718740874.txt;61.92411;25.7481511
E131.1996092370705.txt;41.87194;12.56738
E131.19961017122610.txt;37.09024;-95.712891
E131.19970502555849.txt;9.748917;-83.753428
E131.19970502555849.txt;13.794185;-88.89653
E131.19970502555849.txt;15.783471;-90.230759
E131.19970502555849.txt;15.199999;-86.241905
E131.19970502555849.txt;12.865416;-85.207229
E131.19970423533993.txt;51.165691;10.451526
E132.19961218265954.txt;61.92411;25.7481511
E132.19970514584232.txt;37.09024;-95.712891
E132.19970613661530.txt;51.165691;10.451526
E131.199608229927.txt;-25.274398;133.775136
E131.19970604638420.txt;-25.274398;133.775136
E131.19961210246202.txt;-40.900557;174.885971
E132.19970321460540.txt;60.128161;18.643501
E131.19970415510366.txt;20.593684;78.96288
E131.19970217381761.txt;55.378051;-3.435973
E132.19970715731083.txt;41.87194;12.56738
E131.19970205358380.txt;39.074208;21.824312
E131.19970715730707.txt;-40.900557;174.885971
E132.19961113185332.txt;37.09024;-95.712891
E132.19970109298121.txt;36.204824;138.252924
E131.19970226404638.txt;37.09024;-95.712891
E131.1996090839598.txt;37.09024;-95.712891
E131.19961210246303.txt;22.396428;114.109497
E132.19970613660710.txt;53.1423672;-7.6920536
E131.19970425540657.txt;60.128161;18.643501
E132.19970214379186.txt;37.09024;-95.712891
E131.19970702701328.txt;55.378051;-3.435973
E132.1996090942125.txt;55.378051;-3.435973
E131.19961114190951.txt;31.046051;34.851612
E132.1996090940082.txt;55.378051;-3.435973
E131.19970502555451.txt;-6.369028;34.888822
E132.19970505559403.txt;46.151241;14.995463
E132.19961111179951.txt;61.52401;105.318756
E132.19970126333727.txt;20.593684;78.96288
E131.19970502557079.txt;28.033886;1.659626
E131.19970403485455.txt;37.09024;-95.712891
E132.19970611653793.txt;30.375321;69.345116
E132.19961011111257.txt;37.09024;-95.712891
E132.19970414508461.txt;51.165691;10.451526
E132.19970218384424.txt;51.919438;19.145136
E131.19970604636445.txt;48.379433;31.1655799
E131.19961216258291.txt;12.862807;30.217636
E132.19970418522453.txt;61.92411;25.7481511
E131.1996091249284.txt;-25.274398;133.775136
E132.19970214379837.txt;37.09024;-95.712891
E131.19961112182390.txt;-14.235004;-51.92528
E132.19970207362858.txt;-30.559482;22.937506
E131.19970723751509.txt;51.165691;10.451526
E132.19961206241196.txt;36.204824;138.252924
E131.19970130343522.txt;42.733883;25.48583
E132.19970725757990.txt;60.128161;18.643501
E132.19970303416577.txt;60.128161;18.643501
E132.19961205236540.txt;-30.559482;22.937506
E131.19970311433962.txt;51.165691;10.451526
E132.19970214379195.txt;37.09024;-95.712891
E131.19970321458820.txt;47.162494;19.5033041
E131.19970326471268.txt;35.86166;104.195397
E131.19961030154500.txt;55.378051;-3.435973
E131.19970529624155.txt;45.943161;24.96676
E131.19970529624155.txt;55.378051;-3.435973
E132.19970314443948.txt;37.09024;-95.712891
E132.1996091554462.txt;20.593684;78.96288
E131.19970114306956.txt;53.1423672;-7.6920536
E131.19961108176781.txt;1.352083;103.819836
E131.19961129226335.txt;35.907757;127.766922
E131.1996090637052.txt;46.151241;14.995463
E132.19970714727381.txt;55.378051;-3.435973
E132.1996090839965.txt;20.593684;78.96288
E131.19961017125523.txt;51.165691;10.451526
E131.1996082716341.txt;49.817492;15.472962
E131.19970609647294.txt;46.818188;8.227512
E131.19970609647294.txt;37.09024;-95.712891
E132.19970113303732.txt;55.378051;-3.435973
E131.1996092472449.txt;52.09381;4.283494
E132.19970628694409.txt;4.570868;-74.297333
E131.19961226276686.txt;-14.235004;-51.92528
E131.19961208242134.txt;37.09024;-95.712891
E132.19970701700694.txt;35.907757;127.766922
E131.19970612657694.txt;53.1423672;-7.6920536
E131.19970612657694.txt;48.8622553;2.3114357
E131.19970604636487.txt;47.162494;19.5033041
E131.19970729762437.txt;52.09381;4.283494
E131.19961203230928.txt;-38.416097;-63.616672
E131.19970311432866.txt;42.733883;25.48583
E131.19970403486015.txt;31.046051;34.851612
E131.19970213376928.txt;55.378051;-3.435973
E131.19970108294268.txt;37.09024;-95.712891
E131.19970319452907.txt;-25.274398;133.775136
E131.1996100290818.txt;45.1;15.2000001
E132.19970711722084.txt;49.817492;15.472962
E131.19970328475066.txt;4.210484;101.975766
E132.19970108293537.txt;36.204824;138.252924
E131.19961009105019.txt;47.411631;28.369885
E131.19970310430042.txt;51.919438;19.145136
E131.19970506564218.txt;39.074208;21.824312
E131.19970425540221.txt;33.886917;9.537499
E132.19961113187021.txt;37.09024;-95.712891
E132.19961103162635.txt;20.593684;78.96288
E131.19970617666408.txt;53.709807;27.953389
E131.1996090942216.txt;-40.900557;174.885971
E131.19970702701201.txt;47.162494;19.5033041
E132.19970711722593.txt;37.09024;-95.712891
E131.19970612657388.txt;55.378051;-3.435973
E131.19970808787097.txt;37.09024;-95.712891
E131.19970523610331.txt;51.165691;10.451526
E132.19961211249971.txt;37.09024;-95.712891
E131.19970430549480.txt;37.09024;-95.712891
E132.1996091248163.txt;37.09024;-95.712891
E131.19970609647346.txt;50.8420034;4.382409
E131.19970609647346.txt;53.1423672;-7.6920536
E132.19970210368033.txt;55.378051;-3.435973
E131.19970725756455.txt;7.539989;-5.54708
E131.19961023138148.txt;51.165691;10.451526
E132.19961008102073.txt;-30.559482;22.937506
E132.19970321461289.txt;51.165691;10.451526
E131.19970512577905.txt;40.463667;-3.74922
E131.19961101161128.txt;1.352083;103.819836
E132.19970211370071.txt;30.375321;69.345116
E131.19970612657695.txt;56.26392;9.501785
E131.19970612657695.txt;48.8622553;2.3114357
E131.19961203233053.txt;-25.274398;133.775136
E131.19961203233053.txt;12.879721;121.774017
E132.19970312437840.txt;-40.900557;174.885971
E132.19970523612057.txt;51.165691;10.451526
E131.19961211248833.txt;61.52401;105.318756
E131.19970305420923.txt;-32.522779;-55.765835
E131.19970415511395.txt;37.09024;-95.712891
E131.19970710720316.txt;55.378051;-3.435973
E132.19970303416571.txt;60.128161;18.643501
E131.1996090534547.txt;-25.274398;133.775136
E131.1996090534547.txt;36.204824;138.252924
E132.19961018128361.txt;61.92411;25.7481511
E131.1996090637602.txt;37.09024;-95.712891
E131.19961022134308.txt;56.130366;-106.346771
E132.19970225401006.txt;-40.900557;174.885971
E132.1996100496114.txt;-30.559482;22.937506
E131.19970127334491.txt;42.733883;25.48583
E131.1996100189629.txt;12.879721;121.774017
E131.19970404486991.txt;37.09024;-95.712891
E132.19970109297397.txt;37.09024;-95.712891
E131.19970211368868.txt;45.943161;24.96676
E131.1996092781157.txt;52.09381;4.283494
E131.19961018127628.txt;37.09024;-95.712891
E132.19961122212062.txt;51.165691;10.451526
E131.19961010109434.txt;40.463667;-3.74922
E132.1996090638996.txt;47.516231;14.550072
E132.1996082717025.txt;30.375321;69.345116
E131.19970224399681.txt;61.92411;25.7481511
E131.19970807784333.txt;49.817492;15.472962
E131.19970110298504.txt;37.09024;-95.712891
E132.19970610649370.txt;-30.559482;22.937506
E131.19961205238504.txt;41.87194;12.56738
E131.19961029150951.txt;30.375321;69.345116
E131.19970113303805.txt;23.885942;45.079162
E132.19970624684358.txt;56.26392;9.501785
E131.19970221394904.txt;38.963745;35.243322
E131.19970102283717.txt;6.42375;-66.58973
E131.19961216260382.txt;50.8420034;4.382409
E131.19961216260382.txt;61.92411;25.7481511
E131.19970116311761.txt;-40.900557;174.885971
E131.19961031158039.txt;41.87194;12.56738
E131.19970401478732.txt;6.42375;-66.58973
E131.19961026145745.txt;35.86166;104.195397
E132.19970113304142.txt;55.378051;-3.435973
E132.19970121322709.txt;31.791702;-7.09262
E131.19970114306327.txt;51.165691;10.451526
E131.19970114306327.txt;36.204824;138.252924
E131.19970114306327.txt;37.09024;-95.712891
E132.19970313441111.txt;51.165691;10.451526
E131.19970415508998.txt;51.919438;19.145136
E132.19970411503432.txt;37.09024;-95.712891
E132.1996090330879.txt;15.870032;100.992541
E131.19961204234135.txt;37.09024;-95.712891
E131.19970623681304.txt;51.165691;10.451526
E132.19970530628246.txt;35.907757;127.766922
E132.19961205236718.txt;45.1;15.2000001
E132.19970116313943.txt;51.165691;10.451526
E131.19970404488002.txt;37.09024;-95.712891
E131.19970320457450.txt;39.399872;-8.224454
E132.1996090227193.txt;-9.189967;-75.015152
E131.19970109295749.txt;42.733883;25.48583
E131.19961111180459.txt;40.463667;-3.74922
E132.19961031156476.txt;4.570868;-74.297333
E131.19961023138275.txt;-13.133897;27.849332
E131.19961023138275.txt;-19.015438;29.154857
E131.19970805777948.txt;37.09024;-95.712891
E132.19970808789460.txt;36.204824;138.252924
E131.19970417518642.txt;51.165691;10.451526
E132.19970210367673.txt;56.130366;-106.346771
E131.19970117315140.txt;40.463667;-3.74922
E131.1996091044824.txt;53.1423672;-7.6920536
E132.19961011111580.txt;37.09024;-95.712891
E131.19970507566334.txt;37.09024;-95.712891
E131.19970521601958.txt;37.09024;-95.712891
E132.19970515585808.txt;-30.559482;22.937506
E131.19970617668717.txt;50.8420034;4.382409
E131.19970617668717.txt;51.165691;10.451526
E131.19970716731447.txt;37.09024;-95.712891
E132.19970411503994.txt;37.09024;-95.712891
E131.19970603634592.txt;20.593684;78.96288
E131.19970619674155.txt;39.399872;-8.224454
E131.19970708714043.txt;55.169438;23.881275
E131.19970708714043.txt;55.378051;-3.435973
E131.19970514583905.txt;37.09024;-95.712891
E132.19970710720682.txt;39.074208;21.824312
E131.19961204233965.txt;-35.675147;-71.542969
E131.19970620675111.txt;37.09024;-95.712891
E131.19970516588986.txt;56.130366;-106.346771
E131.19970707709841.txt;49.817492;15.472962
E131.19970225402172.txt;46.818188;8.227512
E131.19970605641713.txt;12.879721;121.774017
E131.199608203381.txt;6.42375;-66.58973
E131.19970603634096.txt;37.09024;-95.712891
E131.19970117314526.txt;-30.559482;22.937506
E132.1996092472509.txt;53.709807;27.953389
E131.19970606644019.txt;37.09024;-95.712891
E131.19970715730300.txt;31.046051;34.851612
E132.19970130345948.txt;60.128161;18.643501
E132.19970512577420.txt;55.378051;-3.435973
E132.19970624682724.txt;48.669026;19.699024
E131.19970212372051.txt;61.52401;105.318756
E131.19970502556574.txt;37.09024;-95.712891
E131.19961016119938.txt;61.52401;105.318756
E131.19970130343888.txt;22.198745;113.543873
E132.19970625688082.txt;56.26392;9.501785
E131.1996090126682.txt;37.09024;-95.712891
E132.19970818807556.txt;61.92411;25.7481511
E131.19970110300330.txt;50.8420034;4.382409
E131.19970110300330.txt;51.165691;10.451526
E131.19970506564836.txt;38.963745;35.243322
E131.19970701698714.txt;6.42375;-66.58973
E131.19961031158824.txt;46.818188;8.227512
E131.19970423533251.txt;56.26392;9.501785
E132.19970430552632.txt;36.204824;138.252924
E132.19961122209399.txt;37.09024;-95.712891
E131.19970305422330.txt;12.879721;121.774017
E132.19970218386590.txt;41.87194;12.56738
E132.1996091862370.txt;41.87194;12.56738
E131.19970202349727.txt;37.09024;-95.712891
E131.19970312436530.txt;37.09024;-95.712891
E131.19961120205166.txt;11.569623;104.924998
E132.19970321461279.txt;51.165691;10.451526
E132.19970313439007.txt;-30.559482;22.937506
E131.19970312435249.txt;37.09024;-95.712891
E132.19970425540661.txt;60.128161;18.643501
E132.19970411503044.txt;37.09024;-95.712891
E132.19970808789461.txt;36.204824;138.252924
E131.19970403484426.txt;12.879721;121.774017
E132.19970710721328.txt;52.132633;5.291266
E131.19970205356969.txt;-32.522779;-55.765835
E131.19970709717932.txt;-0.789275;113.921327
E132.19961216260375.txt;46.818188;8.227512
E131.19961014113943.txt;51.919438;19.145136
E131.19970815802104.txt;48.379433;31.1655799
E131.1996082311576.txt;61.92411;25.7481511
E132.19961127220698.txt;56.130366;-106.346771
E131.19970804775110.txt;-22.328474;24.684866
E132.19961118198762.txt;61.92411;25.7481511
E132.19961210246709.txt;37.09024;-95.712891
E131.19970103286173.txt;56.130366;-106.346771
E131.19970606644231.txt;40.463667;-3.74922
E131.19961209244523.txt;51.165691;10.451526
E131.19961209244523.txt;37.7821587;-122.4004835
E131.19961209244523.txt;46.818188;8.227512
E131.1996090432934.txt;33.223191;43.679291
E131.1996090432934.txt;40.7506666;-73.9689023
E131.1996090432934.txt;37.09024;-95.712891
E131.19970415510155.txt;37.09024;-95.712891
E131.19970424537891.txt;51.165691;10.451526
E131.19970401478947.txt;15.870032;100.992541
E132.19970608646016.txt;20.593684;78.96288
E131.19970220390826.txt;45.943161;24.96676
E131.19970604638393.txt;-25.274398;133.775136
E132.19961112184759.txt;51.165691;10.451526
E132.19970613660725.txt;51.165691;10.451526
E131.1996090328887.txt;37.09024;-95.712891
E131.1996100393554.txt;61.52401;105.318756
E132.19970616665336.txt;46.818188;8.227512
E132.19970318450677.txt;61.92411;25.7481511
E131.19970311435023.txt;39.074208;21.824312
E131.1996090227153.txt;6.42375;-66.58973
E131.19961008103216.txt;37.09024;-95.712891
E132.19961118198740.txt;41.87194;12.56738
E131.19970430550107.txt;61.52401;105.318756
E131.19970120319015.txt;41.87194;12.56738
E131.19970507565177.txt;37.09024;-95.712891
E131.19970113303300.txt;40.463667;-3.74922
E132.19970710719005.txt;47.162494;19.5033041
E131.19970715731107.txt;61.92411;25.7481511
E131.19970106289949.txt;12.879721;121.774017
E131.19970516590727.txt;40.463667;-3.74922
E131.19970220391633.txt;41.87194;12.56738
E131.19970819809261.txt;56.130366;-106.346771
E131.19970205356813.txt;45.1;15.2000001
E132.19970718740873.txt;61.92411;25.7481511
E132.19970103285241.txt;45.1;15.2000001
E131.199608202324.txt;55.378051;-3.435973
E131.19970521601204.txt;47.162494;19.5033041
E131.1996091351647.txt;46.227638;2.213749
E131.19970603633621.txt;23.634501;-102.552784
E132.19970109297070.txt;37.09024;-95.712891
E131.19970220391661.txt;39.399872;-8.224454
E131.19961217261993.txt;40.463667;-3.74922
E132.19970715728621.txt;43.915886;17.679076
E131.19961106169466.txt;15.783471;-90.230759
E131.19970508568778.txt;56.879635;24.603189
E131.19961125216113.txt;51.165691;10.451526
E131.19970705708932.txt;23.69781;120.960515
E131.19970314442449.txt;-38.416097;-63.616672
E131.19970211370035.txt;30.375321;69.345116
E131.19961217261927.txt;40.463667;-3.74922
E131.19970320456697.txt;41.87194;12.56738
E131.19970115308739.txt;31.046051;34.851612
E131.1996091353612.txt;46.227638;2.213749
E132.19970407492679.txt;47.516231;14.550072
E131.19970125333198.txt;41.87194;12.56738
E131.19961205238672.txt;-25.274398;133.775136
E131.19961129225835.txt;41.87194;12.56738
E131.19970116312989.txt;55.378051;-3.435973
E131.19970404488283.txt;37.09024;-95.712891
E132.19970410499256.txt;-30.559482;22.937506
E131.19970519593907.txt;37.09024;-95.712891
E132.19970603633479.txt;46.151241;14.995463
E131.19970212373326.txt;55.378051;-3.435973
E131.19970626690375.txt;31.046051;34.851612
E131.19961204233161.txt;37.09024;-95.712891
E131.1996100799690.txt;-40.900557;174.885971
E131.1996092269544.txt;37.09024;-95.712891
E132.19961211250544.txt;37.09024;-95.712891
E132.19970506564904.txt;47.516231;14.550072
E131.19970624682813.txt;-35.675147;-71.542969
E131.19961127219792.txt;52.09381;4.283494
E131.1996090940994.txt;49.817492;15.472962
E131.19970123329365.txt;36.204824;138.252924
E131.19970104287072.txt;33.854721;35.862285
E131.1996100189979.txt;46.818188;8.227512
E131.19961009104956.txt;47.162494;19.5033041
E131.1996091146977.txt;37.09024;-95.712891
E131.19961220271301.txt;-0.789275;113.921327
E131.19961126216737.txt;55.378051;-3.435973
E132.19970415511195.txt;41.87194;12.56738
E131.19961022133338.txt;6.42375;-66.58973
E132.19970711724102.txt;46.818188;8.227512
E131.19970120318618.txt;-14.235004;-51.92528
E132.19970425540199.txt;56.130366;-106.346771
E131.1996092371331.txt;51.165691;10.451526
E131.19970127336503.txt;51.165691;10.451526
E131.19961008102227.txt;61.52401;105.318756
E132.1996090431722.txt;46.151241;14.995463
E132.19961211248933.txt;52.09381;4.283494
E131.19961009105001.txt;41.153332;20.168331
E132.19970411503245.txt;30.375321;69.345116
E132.19970207364940.txt;47.516231;14.550072
E131.19961016121356.txt;45.943161;24.96676
E131.19961016121356.txt;55.378051;-3.435973
E131.19961023137508.txt;35.86166;104.195397
E132.19970410501780.txt;60.472024;8.468946
E131.19970530626483.txt;6.42375;-66.58973
E131.19970205357999.txt;50.8420034;4.382409
E131.19970205357999.txt;61.92411;25.7481511
E131.19970515587857.txt;61.92411;25.7481511
E132.19970811790843.txt;55.378051;-3.435973
E132.19970722745198.txt;56.879635;24.603189
E131.19961125213964.txt;52.09381;4.283494
E131.19970102283370.txt;37.09024;-95.712891
E131.19970428544182.txt;37.09024;-95.712891
E131.19970423531634.txt;61.52401;105.318756
E131.19970218386540.txt;41.87194;12.56738
E131.19970114306971.txt;50.503887;4.469936
E131.19970114306971.txt;37.09024;-95.712891
E132.19970512577530.txt;-25.274398;133.775136
E132.19961014115354.txt;55.378051;-3.435973
E131.19961205238402.txt;60.472024;8.468946
E132.19970723750816.txt;60.128161;18.643501
E131.19970623681258.txt;41.87194;12.56738
E132.19970812793118.txt;47.162494;19.5033041
E132.19970515588933.txt;46.818188;8.227512
E131.19961021130544.txt;35.907757;127.766922
E131.1996092370394.txt;-0.789275;113.921327
E131.19970214378251.txt;15.199999;-86.241905
E132.19970304419721.txt;38.963745;35.243322
E131.19961025143861.txt;46.227638;2.213749
E131.19961025143861.txt;48.379433;31.1655799
E131.19970616665337.txt;61.92411;25.7481511
E132.19970116313928.txt;41.87194;12.56738
E132.19970722745546.txt;48.669026;19.699024
E131.1996091655008.txt;37.09024;-95.712891
E131.19970528622314.txt;36.204824;138.252924
E131.19970410499600.txt;-14.235004;-51.92528
E131.19961127219581.txt;55.378051;-3.435973
E131.19961220269183.txt;55.378051;-3.435973
E131.19970202350047.txt;46.818188;8.227512
E131.19961106169614.txt;-0.789275;113.921327
E131.19961106170550.txt;55.378051;-3.435973
E131.19970331476529.txt;52.09381;4.283494
E131.19970815803656.txt;4.210484;101.975766
E131.19970616664221.txt;55.378051;-3.435973
E131.19961023138180.txt;46.818188;8.227512
E132.19970313439009.txt;-30.559482;22.937506
E132.1996091353622.txt;53.1423672;-7.6920536
E131.19970729762057.txt;37.09024;-95.712891
E131.19970708714529.txt;52.132633;5.291266
E131.19970620676417.txt;41.87194;12.56738
E132.19961108175572.txt;55.378051;-3.435973
E132.19961225276163.txt;31.791702;-7.09262
E132.1996093084931.txt;-32.522779;-55.765835
E131.19970409498455.txt;35.86166;104.195397
E131.19970423531509.txt;-30.559482;22.937506
E132.19970514583386.txt;37.09024;-95.712891
E131.19970411504469.txt;40.463667;-3.74922
E131.19970617667137.txt;37.09024;-95.712891
E131.19970307427613.txt;50.8420034;4.382409
E131.19970307427613.txt;39.399872;-8.224454
E132.19970418521651.txt;60.128161;18.643501
E131.1996091861745.txt;56.26392;9.501785
E131.19970221394479.txt;41.87194;12.56738
E132.19961125214122.txt;-40.900557;174.885971
E131.1996092677445.txt;37.09024;-95.712891
E132.19961112184683.txt;51.165691;10.451526
E131.19970108293270.txt;46.151241;14.995463
E132.19961025145035.txt;4.210484;101.975766
E132.1996090433182.txt;50.8420034;4.382409
E131.19970227407724.txt;37.09024;-95.712891
E132.19961219266730.txt;42.733883;25.48583
E131.1996092472508.txt;53.709807;27.953389
E132.19970218384395.txt;52.09381;4.283494
E131.19961121207992.txt;56.130366;-106.346771
E131.19970423531416.txt;56.130366;-106.346771
E131.19970317447441.txt;4.570868;-74.297333
E132.19970207362982.txt;45.943161;24.96676
E131.19970502555597.txt;37.09024;-95.712891
E132.19970811790890.txt;56.130366;-106.346771
E131.19970304419371.txt;-40.900557;174.885971
E131.19970714725751.txt;-40.900557;174.885971
E131.19970205358912.txt;-0.789275;113.921327
E131.19961223272690.txt;51.919438;19.145136
E131.19961101159880.txt;-23.442503;-58.443832
E132.19970214378822.txt;37.09024;-95.712891
E132.19970509571384.txt;-30.559482;22.937506
E131.19961211251079.txt;46.227638;2.213749
E131.19970409498209.txt;-40.900557;174.885971
E132.19970421524011.txt;58.595272;25.0136071
E131.19961101159325.txt;37.09024;-95.712891
E132.19970609648143.txt;39.074208;21.824312
E131.1996091963758.txt;-30.559482;22.937506
E131.19970122326878.txt;46.862496;103.846656
E131.19970415510962.txt;38.963745;35.243322
E131.19970129342381.txt;-25.274398;133.775136
E132.19970409496427.txt;47.162494;19.5033041
E131.1996091250952.txt;-25.274398;133.775136
E132.19970228411698.txt;60.128161;18.643501
E132.19970418522452.txt;61.92411;25.7481511
E131.19970731770457.txt;55.378051;-3.435973
E131.19970124330898.txt;37.09024;-95.712891
E131.19970513579671.txt;39.399872;-8.224454
E132.19970113303609.txt;55.378051;-3.435973
E132.19970425539679.txt;56.130366;-106.346771
E131.1996091758075.txt;51.919438;19.145136
E131.19970603633536.txt;-38.416097;-63.616672
E131.19970415510367.txt;20.593684;78.96288
E132.1996082820023.txt;56.130366;-106.346771
E132.19970117314656.txt;51.919438;19.145136
E131.1996090637663.txt;37.09024;-95.712891
E132.19961111181522.txt;52.132633;5.291266
E131.1996082716353.txt;48.379433;31.1655799
E131.19970522606638.txt;22.396428;114.109497
E131.19961106170052.txt;52.132633;5.291266
E132.19970319455093.txt;41.87194;12.56738
E131.19970217382108.txt;6.42375;-66.58973
E132.19970307427747.txt;47.516231;14.550072
E131.19970219387084.txt;37.09024;-95.712891
E132.19970210367626.txt;55.378051;-3.435973
E131.19970113303988.txt;41.87194;12.56738
E131.19961118197797.txt;41.87194;12.56738
E131.19970307427530.txt;50.503887;4.469936
E131.19970307427530.txt;50.8420034;4.382409
E132.19970214378965.txt;41.87194;12.56738
E131.19970402480914.txt;56.879635;24.603189
E131.19970319454414.txt;37.09024;-95.712891
E132.19970424535190.txt;45.943161;24.96676
E132.19970401478828.txt;-9.189967;-75.015152
E132.19961108177354.txt;51.165691;10.451526
E131.19961220270909.txt;51.165691;10.451526
E132.19961016120017.txt;51.919438;19.145136
E131.19961219268969.txt;-30.559482;22.937506
E132.19961108175732.txt;56.130366;-106.346771
E132.19961112184179.txt;-25.274398;133.775136
E131.19970723751581.txt;56.26392;9.501785
E131.1996082412726.txt;35.86166;104.195397
E131.19961101160502.txt;37.09024;-95.712891
E131.1996091352594.txt;61.52401;105.318756
E131.19970402481347.txt;-38.416097;-63.616672
E131.19961209242668.txt;37.09024;-95.712891
E131.19961216258737.txt;21.916221;95.955974
E131.19961215257559.txt;31.046051;34.851612
E131.19970106289622.txt;55.378051;-3.435973
E131.19970115308415.txt;51.919438;19.145136
E132.19970805778208.txt;47.162494;19.5033041
E131.1996083024624.txt;37.09024;-95.712891
E131.1996091250720.txt;53.1423672;-7.6920536
E131.19961115192000.txt;-30.559482;22.937506
E131.199608228020.txt;55.378051;-3.435973
E131.19961217262993.txt;60.128161;18.643501
E131.19970411503416.txt;37.09024;-95.712891
E131.19961216260013.txt;47.516231;14.550072
E131.1996092068471.txt;60.128161;18.643501
E131.19970311433290.txt;31.791702;-7.09262
E132.19970514583866.txt;37.09024;-95.712891
E132.19970513580563.txt;39.074208;21.824312
E131.19970509571731.txt;41.153332;20.168331
E131.19970331477392.txt;38.963745;35.243322
E132.19970716733993.txt;50.503887;4.469936
E131.19970115310635.txt;51.165691;10.451526
E131.19961022134129.txt;41.87194;12.56738
E131.19970715730783.txt;46.862496;103.846656
E132.19970819808265.txt;53.709807;27.953389
E131.19970514583800.txt;37.09024;-95.712891
E131.19970818807409.txt;-0.789275;113.921327
E131.19961023137520.txt;56.130366;-106.346771
E132.19970527617713.txt;31.791702;-7.09262
E131.19970407492571.txt;23.69781;120.960515
E131.19970801771698.txt;20.593684;78.96288
E131.19970812794479.txt;52.132633;5.291266
E131.19970204355961.txt;60.472024;8.468946
E132.1996090636925.txt;-30.559482;22.937506
E131.19970310430068.txt;51.919438;19.145136
E131.19970320456098.txt;-40.900557;174.885971
E131.19970316445859.txt;40.463667;-3.74922
E131.19970512577181.txt;50.8420034;4.382409
E131.19961104163544.txt;-38.416097;-63.616672
E132.19970505560176.txt;20.593684;78.96288
E131.19970618669633.txt;51.919438;19.145136
E131.19970529624679.txt;55.378051;-3.435973
E131.19961210246839.txt;28.033886;1.659626
E132.19961113184827.txt;37.09024;-95.712891
E132.19970210368164.txt;-25.274398;133.775136
E132.19970605639621.txt;48.379433;31.1655799
E131.19970508571239.txt;39.074208;21.824312
E132.19961111180951.txt;55.378051;-3.435973
E131.19961108175905.txt;48.019573;66.923684
E131.19970104286954.txt;47.162494;19.5033041
E131.19970708712997.txt;15.783471;-90.230759
E131.19970808787071.txt;37.09024;-95.712891
E132.19970613660530.txt;37.09024;-95.712891
E131.19961021129635.txt;37.09024;-95.712891
E131.19970715728539.txt;52.09381;4.283494
E131.19961023138419.txt;-25.274398;133.775136
E131.19970121322927.txt;37.09024;-95.712891
E131.19970311434506.txt;39.074208;21.824312
E132.19961014115349.txt;55.378051;-3.435973
E131.19961205238055.txt;55.378051;-3.435973
E132.19961230280402.txt;4.570868;-74.297333
E131.19970805780623.txt;41.87194;12.56738
E131.19970113302177.txt;37.09024;-95.712891
E132.19970210368034.txt;55.378051;-3.435973
E132.19970305420860.txt;46.151241;14.995463
E131.1996092068460.txt;46.818188;8.227512
E132.19970813797085.txt;37.09024;-95.712891
E131.19970625687463.txt;41.87194;12.56738
E131.19970507567248.txt;55.378051;-3.435973
E132.19970301412882.txt;-9.189967;-75.015152
E132.19970805778480.txt;47.162494;19.5033041
E132.19970225401817.txt;31.791702;-7.09262
E131.19970612657693.txt;60.472024;8.468946
E131.19970612657693.txt;48.8622553;2.3114357
E131.19970417517989.txt;39.399872;-8.224454
E132.19970310431565.txt;55.378051;-3.435973
E132.19970711723261.txt;37.09024;-95.712891
E131.1996091353676.txt;52.132633;5.291266
E132.1996091863090.txt;61.92411;25.7481511
E131.19970407492169.txt;43.5334829;-0.087743
E131.19970407492169.txt;37.7821587;-122.4004835
E131.19961104163571.txt;23.634501;-102.552784
E131.19970818805288.txt;51.919438;19.145136
E131.19961230280350.txt;48.379433;31.1655799
E132.19970801772292.txt;4.570868;-74.297333
E131.19961008102202.txt;61.52401;105.318756
E132.19970801772551.txt;15.870032;100.992541
E131.19970304417958.txt;37.09024;-95.712891
E131.19961216258576.txt;-40.900557;174.885971
E131.19970326470675.txt;55.378051;-3.435973
E131.19970228411377.txt;38.963745;35.243322
E131.19970214378945.txt;60.128161;18.643501
E131.19961016122228.txt;51.165691;10.451526
E132.19970414507543.txt;55.378051;-3.435973
E131.19970509571941.txt;37.09024;-95.712891
E131.19961126216600.txt;51.919438;19.145136
E131.19970817804619.txt;35.86166;104.195397
E132.19961010109824.txt;60.472024;8.468946
E131.19970415511891.txt;39.074208;21.824312
E132.19970616665325.txt;41.87194;12.56738
E131.19970107290695.txt;56.879635;24.603189
E131.19970109295487.txt;42.733883;25.48583
E131.19961210246223.txt;-25.274398;133.775136
E131.19970505561351.txt;12.879721;121.774017
E131.19970604636516.txt;61.52401;105.318756
E132.19970612656076.txt;49.817492;15.472962
E131.19970616664569.txt;61.92411;25.7481511
E132.19961113184832.txt;37.09024;-95.712891
E131.19970319452321.txt;51.919438;19.145136
E132.19970210366484.txt;56.130366;-106.346771
E132.19970310431568.txt;55.378051;-3.435973
E131.19970217382246.txt;35.86166;104.195397
E131.19970527617254.txt;53.1423672;-7.6920536
E132.19970404487158.txt;-30.559482;22.937506
E132.19970109296966.txt;37.09024;-95.712891
E131.19961204235334.txt;39.074208;21.824312
E131.1996100497884.txt;41.87194;12.56738
E131.19961127219799.txt;52.09381;4.283494
E132.19970310431155.txt;56.130366;-106.346771
E132.19970307427232.txt;55.378051;-3.435973
E131.19961017123282.txt;51.919438;19.145136
E131.19970214378298.txt;-14.235004;-51.92528
E131.19970217382347.txt;51.165691;10.451526
E131.19970618669765.txt;6.42375;-66.58973
E131.1996083023466.txt;37.09024;-95.712891
E132.19970107290579.txt;-30.559482;22.937506
E131.19970520597698.txt;6.42375;-66.58973
E131.19970812795344.txt;51.165691;10.451526
E131.1996082923446.txt;46.818188;8.227512
E131.19961104163534.txt;-38.416097;-63.616672
E132.19970218384366.txt;51.919438;19.145136
E131.19970428545088.txt;-25.274398;133.775136
E132.19961213256155.txt;53.1423672;-7.6920536
E131.19970424535548.txt;36.204824;138.252924
E132.19970813797491.txt;37.09024;-95.712891
E131.19961211249194.txt;36.204824;138.252924
E132.19970617666392.txt;51.919438;19.145136
E131.19970627694201.txt;46.818188;8.227512
E132.19970214379729.txt;53.1423672;-7.6920536
E132.19961022134304.txt;56.130366;-106.346771
E132.19970214379156.txt;37.09024;-95.712891
E132.19970711723522.txt;53.1423672;-7.6920536
E131.19970114307127.txt;37.09024;-95.712891
E132.19970314443685.txt;37.09024;-95.712891
E132.19970612656414.txt;28.033886;1.659626
E131.1996091454038.txt;-14.235004;-51.92528
E131.19970415511363.txt;61.52401;105.318756
E132.19970210368032.txt;55.378051;-3.435973
E132.19970110298867.txt;47.162494;19.5033041
E132.199608204918.txt;41.87194;12.56738
E131.19961106170546.txt;55.378051;-3.435973
E131.19970805778705.txt;-35.675147;-71.542969
E131.19961118197956.txt;46.818188;8.227512
E132.19970819808198.txt;51.919438;19.145136
E132.19970519596762.txt;61.92411;25.7481511
E132.19970404488905.txt;38.963745;35.243322
E131.19970605639697.txt;9.748917;-83.753428
E131.19961219268931.txt;56.26392;9.501785
E131.19961212253024.txt;39.074208;21.824312
E132.19970514583773.txt;37.09024;-95.712891
E131.19970122325923.txt;31.046051;34.851612
E131.19970606643698.txt;37.09024;-95.712891
E131.19970618670017.txt;35.86166;104.195397
E131.19970819809243.txt;37.09024;-95.712891
E131.1996100497822.txt;12.879721;121.774017
E131.1996100290871.txt;-38.416097;-63.616672
E132.19961122210353.txt;56.130366;-106.346771
E132.19970606644977.txt;47.516231;14.550072
E131.19970211369268.txt;47.162494;19.5033041
E131.19970316445913.txt;20.593684;78.96288
E131.1996083024697.txt;37.09024;-95.712891
E132.19970610649557.txt;47.162494;19.5033041
E132.1996091249729.txt;37.09024;-95.712891
E131.19970225402141.txt;51.165691;10.451526
E131.19961219268477.txt;48.8622553;2.3114357
E131.19961219268477.txt;37.09024;-95.712891
E131.19970320455498.txt;55.169438;23.881275
E131.1996091352133.txt;37.09024;-95.712891
E131.19970709716228.txt;-25.274398;133.775136
E131.19961103162183.txt;52.0055148;37.9587494
E131.19961103162183.txt;55.378051;-3.435973
E132.19970212372675.txt;37.09024;-95.712891
E132.19970725756552.txt;42.733883;25.48583
E131.19961125215223.txt;51.165691;10.451526
E132.19970418521758.txt;53.1423672;-7.6920536
E131.19970102283769.txt;-1.831239;-78.183406
E131.19970312436278.txt;-40.900557;174.885971
E131.19970811790985.txt;47.162494;19.5033041
E131.19970207363114.txt;23.634501;-102.552784
E131.19970103285304.txt;-38.416097;-63.616672
E132.19961209245091.txt;52.132633;5.291266
E132.19970613660231.txt;37.09024;-95.712891
E131.19970114305460.txt;43.915886;17.679076
E131.19970502555836.txt;37.09024;-95.712891
E131.19970602631132.txt;46.818188;8.227512
E131.19970602631132.txt;37.09024;-95.712891
E131.1996090637047.txt;61.52401;105.318756
E131.19970818807211.txt;-25.274398;133.775136
E131.19970422529588.txt;41.87194;12.56738
E131.19961011111762.txt;50.8420034;4.382409
E131.19961011111762.txt;40.463667;-3.74922
E131.19970105287722.txt;20.593684;78.96288
E131.19970404488397.txt;39.074208;21.824312
E131.19970429547227.txt;20.593684;78.96288
E131.19970429547227.txt;37.09024;-95.712891
E132.19961108177365.txt;51.165691;10.451526
E132.19970520600285.txt;36.204824;138.252924
E131.1996091250330.txt;37.09024;-95.712891
E132.19970811790855.txt;55.378051;-3.435973
E132.19970228412361.txt;35.907757;127.766922
E131.19970515585558.txt;50.8420034;4.382409
E131.19970515585558.txt;47.162494;19.5033041
E132.1996082614391.txt;-40.900557;174.885971
E132.19970122326819.txt;40.463667;-3.74922
E131.19970121321999.txt;41.87194;12.56738
E132.19970303416236.txt;15.870032;100.992541
E131.19970418520280.txt;51.919438;19.145136
E132.19970106288153.txt;-30.559482;22.937506
E131.19970709717243.txt;33.854721;35.862285
E132.19961018128347.txt;41.87194;12.56738
E132.19961010109831.txt;52.132633;5.291266
E131.19970627692038.txt;52.09381;4.283494
E132.19970314442998.txt;37.09024;-95.712891
E132.19970626690643.txt;60.128161;18.643501
E131.1996091147117.txt;60.128161;18.643501
E131.1996091147184.txt;37.09024;-95.712891
E131.19961125215940.txt;36.204824;138.252924
E132.19970130343597.txt;42.733883;25.48583
E131.19961009107052.txt;-40.900557;174.885971
E131.19961122209696.txt;23.634501;-102.552784
E131.19970120319011.txt;41.87194;12.56738
E131.19970225402227.txt;39.074208;21.824312
E131.19970710718545.txt;51.919438;19.145136
E131.19970311434117.txt;49.817492;15.472962
E131.19970327472201.txt;37.09024;-95.712891
E132.19961125214121.txt;-40.900557;174.885971
E132.19961111180928.txt;55.378051;-3.435973
E131.19970617668158.txt;1.352083;103.819836
E131.19970805780472.txt;35.86166;104.195397
E131.19961224275818.txt;50.503887;4.469936
E131.19970728760144.txt;37.09024;-95.712891
E131.19970408495016.txt;40.463667;-3.74922
E131.19961127221449.txt;55.378051;-3.435973
E131.19970519595169.txt;40.463667;-3.74922
E132.19961104163490.txt;46.151241;14.995463
E131.1996090328905.txt;37.09024;-95.712891
E131.19970407490446.txt;37.09024;-95.712891
E131.1996091760072.txt;47.516231;14.550072
E131.1996100392999.txt;-25.274398;133.775136
E131.1996100392999.txt;37.09024;-95.712891
E132.1996090941779.txt;55.378051;-3.435973
E131.19970506564929.txt;41.87194;12.56738
E132.19970513581305.txt;41.87194;12.56738
E131.19970106288494.txt;23.634501;-102.552784
E132.1996082615543.txt;51.165691;10.451526
E131.19970306423707.txt;55.169438;23.881275
E131.19970108295312.txt;50.8420034;4.382409
E131.19970108295312.txt;53.1423672;-7.6920536
E132.19970201349271.txt;4.570868;-74.297333
E132.19961111180442.txt;39.074208;21.824312
E132.1996093086031.txt;31.791702;-7.09262
E132.19970518593661.txt;20.593684;78.96288
E131.1996100188170.txt;-9.189967;-75.015152
E131.19970110300804.txt;61.92411;25.7481511
E132.19970521601254.txt;55.169438;23.881275
E131.19970428542897.txt;43.7941901;-79.3544105
E131.19970428542897.txt;41.87194;12.56738
E131.19970428542897.txt;37.09024;-95.712891
E131.1996100799547.txt;58.595272;25.0136071
E131.19961203231064.txt;-40.900557;174.885971
E131.19961203231064.txt;37.09024;-95.712891
E131.19970318451848.txt;40.463667;-3.74922
E132.19970611653600.txt;37.09024;-95.712891
E131.19961118196194.txt;61.52401;105.318756
E131.19961118196194.txt;45.5007936;-73.5594088
E132.19961202228282.txt;-9.189967;-75.015152
E131.1996092371273.txt;41.87194;12.56738
E132.19970330475714.txt;35.907757;127.766922
E132.1996091863089.txt;61.92411;25.7481511
E131.19970411503962.txt;40.463667;-3.74922
E131.19970219388808.txt;55.378051;-3.435973
E131.19970725758217.txt;35.86166;104.195397
E131.19970219387569.txt;47.162494;19.5033041
E132.19970713724908.txt;20.593684;78.96288
E131.19970612658057.txt;-25.274398;133.775136
E131.19970107290547.txt;-4.038333;21.758664
E131.19970320457468.txt;50.8420034;4.382409
E131.19970320457468.txt;53.1423672;-7.6920536
E131.1996092068463.txt;56.26392;9.501785
E132.19970305420855.txt;48.379433;31.1655799
E132.19970225402963.txt;56.26392;9.501785
E131.19970417518291.txt;55.378051;-3.435973
E131.19970318450859.txt;55.378051;-3.435973
E131.19961010108740.txt;37.09024;-95.712891
E132.1996092269509.txt;20.593684;78.96288
E131.19970113304230.txt;55.378051;-3.435973
E132.19970411503762.txt;37.09024;-95.712891
E131.19970402483501.txt;12.879721;121.774017
E131.19961128223853.txt;-25.274398;133.775136
E131.19961206239845.txt;9.748917;-83.753428
E132.19970602630342.txt;45.1;15.2000001
E132.19970214379557.txt;37.09024;-95.712891
E131.19970522605302.txt;35.86166;104.195397
E132.19970813797451.txt;37.09024;-95.712891
E131.19970201349269.txt;-9.189967;-75.015152
E131.19970127334651.txt;23.634501;-102.552784
E131.19970722746364.txt;41.87194;12.56738
E131.19970603634977.txt;42.733883;25.48583
E131.19970603634977.txt;50.8420034;4.382409
E131.19970612657809.txt;39.399872;-8.224454
E132.19970516591536.txt;53.1423672;-7.6920536
E131.19970429546522.txt;23.634501;-102.552784
E131.19970515587468.txt;55.378051;-3.435973
E131.19970213376742.txt;40.463667;-3.74922
E131.19970811791970.txt;60.472024;8.468946
E132.19970411503557.txt;55.378051;-3.435973
E132.19970318449736.txt;51.919438;19.145136
E131.19970318449538.txt;56.130366;-106.346771
E132.19970812793506.txt;47.162494;19.5033041
E132.19970606642649.txt;-30.559482;22.937506
E131.19970227407104.txt;48.379433;31.1655799
E131.19970520598490.txt;41.87194;12.56738
E131.19970807784357.txt;58.595272;25.0136071
E131.19970430550776.txt;37.09024;-95.712891
E132.19970213375452.txt;15.870032;100.992541
E131.19970402481288.txt;61.52401;105.318756
E131.19961115192165.txt;51.919438;19.145136
E131.19970807784577.txt;51.919438;19.145136
E131.19970323462374.txt;37.09024;-95.712891
E131.19970207364525.txt;51.165691;10.451526
E131.19970801772335.txt;-25.274398;133.775136
E131.19970421525238.txt;40.463667;-3.74922
E131.19961212252636.txt;50.503887;4.469936
E131.19970802810743.txt;4.570868;-74.297333
E131.199608217071.txt;41.87194;12.56738
E132.19970504558833.txt;20.593684;78.96288
E131.19970627694237.txt;46.818188;8.227512
E131.19970211369008.txt;7.946527;-1.023194
E131.19970318449662.txt;53.709807;27.953389
E131.19970703705827.txt;35.126413;33.429859
E131.19970602632535.txt;56.26392;9.501785
E132.1996090942402.txt;36.204824;138.252924
E131.19970203352282.txt;50.8420034;4.382409
E131.19961127222064.txt;31.046051;34.851612
E131.19970514582939.txt;37.09024;-95.712891
E131.19970122326806.txt;47.516231;14.550072
E131.19970122326806.txt;47.162494;19.5033041
E131.19970115310674.txt;-25.274398;133.775136
E131.19970102283854.txt;15.870032;100.992541
E131.19970311433208.txt;22.396428;114.109497
E131.19970116313749.txt;4.210484;101.975766
E132.19970109297332.txt;37.09024;-95.712891
E131.19970619672299.txt;-4.038333;21.758664
E131.19970815802075.txt;43.915886;17.679076
E132.19961105166334.txt;-35.675147;-71.542969
E131.1996082716136.txt;37.09024;-95.712891
E131.19970213375220.txt;55.169438;23.881275
E131.19970717736991.txt;55.378051;-3.435973
E131.19961023136410.txt;-30.559482;22.937506
E131.19970203352103.txt;38.963745;35.243322
E132.19970703704678.txt;46.151241;14.995463
E131.19970213376960.txt;55.378051;-3.435973
E132.19961008101856.txt;-30.559482;22.937506
E131.19970303415813.txt;56.26392;9.501785
E132.1996091353715.txt;46.818188;8.227512
E131.19970529623549.txt;12.879721;121.774017
E131.19970305420925.txt;13.794185;-88.89653
E132.19961030155403.txt;35.907757;127.766922
E132.19961201227447.txt;20.593684;78.96288
E131.19970521602328.txt;41.87194;12.56738
E132.19961108177312.txt;56.26392;9.501785
E131.19970523610200.txt;51.165691;10.451526
E132.19970314443953.txt;37.09024;-95.712891
E132.19961220270928.txt;39.399872;-8.224454
E132.19961111179633.txt;55.378051;-3.435973
E132.19970214378670.txt;37.09024;-95.712891
E131.19961011112248.txt;46.227638;2.213749
E131.19961016121069.txt;61.52401;105.318756
E132.19961020129418.txt;20.593684;78.96288
E132.19961115192378.txt;-25.274398;133.775136
E131.19970121322000.txt;41.87194;12.56738
E131.19970312436547.txt;37.09024;-95.712891
E131.19970110299357.txt;37.09024;-95.712891
E131.19970711721719.txt;58.595272;25.0136071
E131.19970711721719.txt;61.92411;25.7481511
E131.19970711721719.txt;56.879635;24.603189
E132.1996090942504.txt;52.132633;5.291266
E131.19970121322800.txt;46.818188;8.227512
E132.19961111180919.txt;40.463667;-3.74922
E131.19970530627432.txt;41.87194;12.56738
E131.1996091861033.txt;48.379433;31.1655799
E131.19970701698725.txt;6.42375;-66.58973
E132.19961018128362.txt;61.92411;25.7481511
E131.19970128337232.txt;-30.559482;22.937506
E131.19970317447444.txt;37.09024;-95.712891
E131.19970204355099.txt;38.963745;35.243322
E131.19961018128379.txt;35.86166;104.195397
E131.19970814800695.txt;50.8420034;4.382409
E131.19970814800695.txt;39.399872;-8.224454
E131.19970416512698.txt;55.378051;-3.435973
E131.19961031157369.txt;50.8420034;4.382409
E131.19961031157369.txt;55.378051;-3.435973
E131.19970502555923.txt;6.42375;-66.58973
E132.19970815803941.txt;61.92411;25.7481511
E131.19961014113861.txt;-30.559482;22.937506
E131.19970708714205.txt;26.820553;30.802498
E131.19970120318569.txt;8.537981;-80.782127
E131.19961231281970.txt;-9.189967;-75.015152
E132.19961218264543.txt;28.033886;1.659626
E132.19970206360065.txt;46.151241;14.995463
E131.19970131346527.txt;46.151241;14.995463
E132.19961129224776.txt;-30.559482;22.937506
E131.19961202228274.txt;4.570868;-74.297333
E132.19970610649369.txt;-30.559482;22.937506
E131.19961016120700.txt;37.09024;-95.712891
E131.19961106171533.txt;39.074208;21.824312
E131.19970220391632.txt;41.87194;12.56738
E132.1996091045238.txt;60.472024;8.468946
E131.19970305422502.txt;-0.789275;113.921327
E131.199608217083.txt;46.818188;8.227512
E131.19970116313741.txt;4.210484;101.975766
E131.19970611652848.txt;47.162494;19.5033041
E131.19970423533487.txt;55.378051;-3.435973
E131.19970320457083.txt;55.378051;-3.435973
E131.19961111179704.txt;55.378051;-3.435973
E131.1996090941059.txt;9.748917;-83.753428
E131.1996092781331.txt;-9.189967;-75.015152
E131.19970521602910.txt;41.87194;12.56738
E131.19961011110539.txt;47.162494;19.5033041
E132.19970326471171.txt;60.128161;18.643501
E132.19970122326862.txt;51.165691;10.451526
E131.19961206240651.txt;55.378051;-3.435973
E131.19961206240651.txt;37.09024;-95.712891
E131.1996092575977.txt;60.472024;8.468946
E131.19970716731823.txt;-19.015438;29.154857
E131.19970728761242.txt;55.378051;-3.435973
E132.19970520597544.txt;61.52401;105.318756
E132.19961113184774.txt;37.09024;-95.712891
E132.19970818807555.txt;61.92411;25.7481511
E131.19961219266159.txt;37.09024;-95.712891
E132.19970523610252.txt;56.26392;9.501785
E131.1996091145867.txt;7.539989;-5.54708
E131.19961029150102.txt;51.919438;19.145136
E131.1996091861047.txt;61.52401;105.318756
E131.19970602630356.txt;45.943161;24.96676
E131.19961028147485.txt;-40.900557;174.885971
E131.19970709717509.txt;56.26392;9.501785
E131.19970729764285.txt;50.503887;4.469936
E131.19970210366381.txt;49.817492;15.472962
E131.19970626689039.txt;-40.900557;174.885971
E131.19970528621032.txt;37.09024;-95.712891
E132.19970117315908.txt;53.1423672;-7.6920536
E132.19970210368031.txt;55.378051;-3.435973
E132.19970618671734.txt;61.92411;25.7481511
E131.1996091353707.txt;46.227638;2.213749
E131.19961023136750.txt;-40.900557;174.885971
E131.1996100799523.txt;48.019573;66.923684
E132.19970803774756.txt;20.593684;78.96288
E131.19970506563741.txt;39.074208;21.824312
E131.19961010107795.txt;51.919438;19.145136
E132.19970109296133.txt;37.09024;-95.712891
E131.19961030155328.txt;35.86166;104.195397
E131.19961219268303.txt;51.165691;10.451526
E131.19970613658909.txt;7.539989;-5.54708
E131.19970808788794.txt;37.09024;-95.712891
E132.19970627692111.txt;45.943161;24.96676
E131.19970606643674.txt;37.09024;-95.712891
E131.199608202325.txt;36.204824;138.252924
E131.19961114190284.txt;55.378051;-3.435973
E132.19970515586030.txt;49.817492;15.472962
E132.19970225400808.txt;48.669026;19.699024
E131.19970428542575.txt;32.427908;53.688046
E131.19970428542575.txt;37.09024;-95.712891
E131.19970226405906.txt;46.818188;8.227512
E132.1996100290775.txt;45.1;15.2000001
E132.1996090940967.txt;52.09381;4.283494
E131.19970313440292.txt;37.09024;-95.712891
E131.19961122210705.txt;41.87194;12.56738
E131.19970604636647.txt;23.634501;-102.552784
E131.19970604636647.txt;46.818188;8.227512
E131.19961108175811.txt;-30.559482;22.937506
E131.19970228412124.txt;36.204824;138.252924
E131.19961210245658.txt;42.733883;25.48583
E131.19970617668080.txt;56.130366;-106.346771
E132.19961013113300.txt;20.593684;78.96288
E132.19970711723596.txt;37.09024;-95.712891
E131.19970606643481.txt;60.128161;18.643501
E131.19970513581309.txt;60.472024;8.468946
E131.19970107292039.txt;41.87194;12.56738
E131.19970128336916.txt;37.09024;-95.712891
E131.19970404487083.txt;37.09024;-95.712891
E132.19970318451438.txt;-25.274398;133.775136
E131.1996090433000.txt;26.820553;30.802498
E131.19970207364342.txt;37.09024;-95.712891
E132.19970213375208.txt;48.379433;31.1655799
E132.19970317446639.txt;52.09381;4.283494
E131.1996100188591.txt;37.09024;-95.712891
E132.1996091248309.txt;37.09024;-95.712891
E132.1996091554475.txt;20.593684;78.96288
E131.19961114189812.txt;55.378051;-3.435973
E131.19961125214754.txt;51.165691;10.451526
E132.19961010107197.txt;47.162494;19.5033041
E131.1996090536482.txt;60.472024;8.468946
E131.19970129341267.txt;46.818188;8.227512
E131.19961211250568.txt;61.92411;25.7481511
E131.19961010108612.txt;41.87194;12.56738
E131.1996090330786.txt;15.870032;100.992541
E131.19970813797246.txt;55.378051;-3.435973
E131.19961121208789.txt;40.463667;-3.74922
E131.19970208365224.txt;42.733883;25.48583
E132.19961206239237.txt;55.378051;-3.435973
E131.19970421525916.txt;41.87194;12.56738
E132.19970218386617.txt;61.92411;25.7481511
E131.19970106288413.txt;61.52401;105.318756
E132.19970811790812.txt;55.378051;-3.435973
E131.19970127336502.txt;51.165691;10.451526
E131.19970703705851.txt;38.963745;35.243322
E131.19970124332709.txt;51.165691;10.451526
E131.19970603633550.txt;6.42375;-66.58973
E132.19961113187017.txt;37.09024;-95.712891
E131.19970522604924.txt;48.019573;66.923684
E132.19970509572959.txt;55.378051;-3.435973
E131.19970417518257.txt;55.378051;-3.435973
E131.19970109295859.txt;23.634501;-102.552784
E131.1996090126336.txt;23.634501;-102.552784
E132.19961016121619.txt;41.87194;12.56738
E131.19961119199728.txt;-40.900557;174.885971
E131.19970528620004.txt;23.634501;-102.552784
E131.19970319454549.txt;55.378051;-3.435973
E132.19970514585001.txt;61.92411;25.7481511
E132.19970731771343.txt;35.907757;127.766922
E131.19970812794531.txt;46.227638;2.213749
E132.19970317448856.txt;46.818188;8.227512
E131.19970409496517.txt;-9.189967;-75.015152
E131.19970409496517.txt;6.42375;-66.58973
E131.19970311433916.txt;39.074208;21.824312
E132.19961119199168.txt;-30.559482;22.937506
E132.19961115193814.txt;41.87194;12.56738
E131.1996100188092.txt;6.42375;-66.58973
E132.19961211251083.txt;51.165691;10.451526
E131.19970512576814.txt;49.817492;15.472962
E131.19970409496283.txt;-13.133897;27.849332
E132.19970214379183.txt;37.09024;-95.712891
E132.19970311434157.txt;39.074208;21.824312
E131.19970701700896.txt;52.132633;5.291266
E131.19970522605189.txt;23.634501;-102.552784
E131.19970428542895.txt;36.204824;138.252924
E131.19970428542895.txt;37.09024;-95.712891
E132.19961008104048.txt;36.204824;138.252924
E132.19970805778550.txt;46.151241;14.995463
E131.19961125213938.txt;45.943161;24.96676
E132.19970514584998.txt;51.165691;10.451526
E131.1996100392983.txt;37.09024;-95.712891
E131.19970326469139.txt;23.634501;-102.552784
E131.19961204235356.txt;61.92411;25.7481511
E132.19970314443801.txt;41.87194;12.56738
E132.19970703706711.txt;40.463667;-3.74922
E131.19970630696603.txt;23.684994;90.356331
E132.19970207364947.txt;46.227638;2.213749
E131.19970612657495.txt;55.378051;-3.435973
E131.19970319454121.txt;37.09024;-95.712891
